tapebc,n_cells,S_obs,chao1,pct_captured,f1,f2
CGAAGAAAAGTG,1119,31,55.0,56.4,12,3
TAGGAAAAGTGG,482,16,28.5,56.2,5,1
TGGCGAAAAAAC,920,53,125.8,42.1,27,5
TTGGTAACCCCA,112,3,4.0,75.2,2,0
GTCCCAATTTTT,192,36,88.6,40.6,23,5
TGGTGAAAGTAA,169,36,156.3,23.0,22,2
CTATGAAGCCTG,182,41,131.6,31.1,27,4
GGGGCAAGGGGA,152,30,53.9,55.6,17,6
CACTTAAGGTTG,126,35,130.2,26.9,24,3
GTCGAAAAGGGA,194,37,80.9,45.8,21,5
CCCTGAAGGGTG,184,38,81.8,46.4,23,6
CAGAGAAGATAG,121,23,50.9,45.2,13,3
GCAATAATCATA,211,44,70.8,62.2,22,9
TTACGAAGTCTC,134,36,58.4,61.7,19,8
TGGGAAAGGAGT,180,31,56.5,54.9,16,5
CCACCAAGTTAC,149,33,68.9,47.9,17,4
GGGCAAAGGCTA,90,25,60.7,41.2,17,4
