tapebc,cells_sampled,expected_lineages,region
CGAAGAAAAGTG,1,1.0,observed
CGAAGAAAAGTG,29,7.56,observed
CGAAGAAAAGTG,58,10.36,observed
CGAAGAAAAGTG,87,12.21,observed
CGAAGAAAAGTG,115,13.56,observed
CGAAGAAAAGTG,144,14.71,observed
CGAAGAAAAGTG,173,15.7,observed
CGAAGAAAAGTG,201,16.56,observed
CGAAGAAAAGTG,230,17.36,observed
CGAAGAAAAGTG,259,18.1,observed
CGAAGAAAAGTG,287,18.77,observed
CGAAGAAAAGTG,316,19.42,observed
CGAAGAAAAGTG,345,20.04,observed
CGAAGAAAAGTG,373,20.6,observed
CGAAGAAAAGTG,402,21.16,observed
CGAAGAAAAGTG,431,21.7,observed
CGAAGAAAAGTG,459,22.2,observed
CGAAGAAAAGTG,488,22.7,observed
CGAAGAAAAGTG,517,23.18,observed
CGAAGAAAAGTG,545,23.63,observed
CGAAGAAAAGTG,574,24.08,observed
CGAAGAAAAGTG,603,24.53,observed
CGAAGAAAAGTG,631,24.94,observed
CGAAGAAAAGTG,660,25.36,observed
CGAAGAAAAGTG,689,25.77,observed
CGAAGAAAAGTG,717,26.16,observed
CGAAGAAAAGTG,746,26.56,observed
CGAAGAAAAGTG,775,26.94,observed
CGAAGAAAAGTG,803,27.31,observed
CGAAGAAAAGTG,832,27.68,observed
CGAAGAAAAGTG,861,28.04,observed
CGAAGAAAAGTG,889,28.38,observed
CGAAGAAAAGTG,918,28.73,observed
CGAAGAAAAGTG,947,29.07,observed
CGAAGAAAAGTG,975,29.4,observed
CGAAGAAAAGTG,1004,29.73,observed
CGAAGAAAAGTG,1033,30.06,observed
CGAAGAAAAGTG,1061,30.37,observed
CGAAGAAAAGTG,1090,30.69,observed
CGAAGAAAAGTG,1119,31.0,observed
CGAAGAAAAGTG,1194,31.79,extrapolated
CGAAGAAAAGTG,1270,32.57,extrapolated
CGAAGAAAAGTG,1346,33.31,extrapolated
CGAAGAAAAGTG,1422,34.04,extrapolated
CGAAGAAAAGTG,1498,34.74,extrapolated
CGAAGAAAAGTG,1574,35.41,extrapolated
CGAAGAAAAGTG,1650,36.07,extrapolated
CGAAGAAAAGTG,1725,36.69,extrapolated
CGAAGAAAAGTG,1801,37.3,extrapolated
CGAAGAAAAGTG,1877,37.89,extrapolated
CGAAGAAAAGTG,1953,38.46,extrapolated
CGAAGAAAAGTG,2029,39.02,extrapolated
CGAAGAAAAGTG,2105,39.55,extrapolated
CGAAGAAAAGTG,2181,40.06,extrapolated
CGAAGAAAAGTG,2256,40.56,extrapolated
CGAAGAAAAGTG,2332,41.04,extrapolated
CGAAGAAAAGTG,2408,41.5,extrapolated
CGAAGAAAAGTG,2484,41.95,extrapolated
CGAAGAAAAGTG,2560,42.39,extrapolated
CGAAGAAAAGTG,2636,42.81,extrapolated
CGAAGAAAAGTG,2712,43.22,extrapolated
CGAAGAAAAGTG,2788,43.61,extrapolated
CGAAGAAAAGTG,2863,43.98,extrapolated
CGAAGAAAAGTG,2939,44.35,extrapolated
CGAAGAAAAGTG,3015,44.71,extrapolated
CGAAGAAAAGTG,3091,45.05,extrapolated
CGAAGAAAAGTG,3167,45.38,extrapolated
CGAAGAAAAGTG,3243,45.7,extrapolated
CGAAGAAAAGTG,3319,46.01,extrapolated
CGAAGAAAAGTG,3394,46.31,extrapolated
CGAAGAAAAGTG,3470,46.6,extrapolated
CGAAGAAAAGTG,3546,46.88,extrapolated
CGAAGAAAAGTG,3622,47.15,extrapolated
CGAAGAAAAGTG,3698,47.41,extrapolated
CGAAGAAAAGTG,3774,47.66,extrapolated
CGAAGAAAAGTG,3850,47.91,extrapolated
CGAAGAAAAGTG,3925,48.14,extrapolated
CGAAGAAAAGTG,4001,48.37,extrapolated
CGAAGAAAAGTG,4077,48.59,extrapolated
CGAAGAAAAGTG,4153,48.8,extrapolated
CGAAGAAAAGTG,4229,49.01,extrapolated
CGAAGAAAAGTG,4305,49.21,extrapolated
CGAAGAAAAGTG,4381,49.4,extrapolated
CGAAGAAAAGTG,4457,49.59,extrapolated
CGAAGAAAAGTG,4532,49.77,extrapolated
CGAAGAAAAGTG,4608,49.94,extrapolated
CGAAGAAAAGTG,4684,50.11,extrapolated
CGAAGAAAAGTG,4760,50.27,extrapolated
CGAAGAAAAGTG,4836,50.43,extrapolated
CGAAGAAAAGTG,4912,50.58,extrapolated
CGAAGAAAAGTG,4988,50.73,extrapolated
CGAAGAAAAGTG,5063,50.87,extrapolated
CGAAGAAAAGTG,5139,51.0,extrapolated
CGAAGAAAAGTG,5215,51.14,extrapolated
CGAAGAAAAGTG,5291,51.27,extrapolated
CGAAGAAAAGTG,5367,51.39,extrapolated
CGAAGAAAAGTG,5443,51.51,extrapolated
CGAAGAAAAGTG,5519,51.63,extrapolated
CGAAGAAAAGTG,5595,51.74,extrapolated
TAGGAAAAGTGG,1,1.0,observed
TAGGAAAAGTGG,13,4.71,observed
TAGGAAAAGTGG,25,6.27,observed
TAGGAAAAGTGG,38,7.42,observed
TAGGAAAAGTGG,50,8.23,observed
TAGGAAAAGTGG,62,8.89,observed
TAGGAAAAGTGG,75,9.47,observed
TAGGAAAAGTGG,87,9.93,observed
TAGGAAAAGTGG,99,10.33,observed
TAGGAAAAGTGG,112,10.71,observed
TAGGAAAAGTGG,124,11.02,observed
TAGGAAAAGTGG,136,11.31,observed
TAGGAAAAGTGG,149,11.59,observed
TAGGAAAAGTGG,161,11.83,observed
TAGGAAAAGTGG,173,12.06,observed
TAGGAAAAGTGG,186,12.29,observed
TAGGAAAAGTGG,198,12.49,observed
TAGGAAAAGTGG,210,12.69,observed
TAGGAAAAGTGG,223,12.89,observed
TAGGAAAAGTGG,235,13.07,observed
TAGGAAAAGTGG,247,13.24,observed
TAGGAAAAGTGG,260,13.42,observed
TAGGAAAAGTGG,272,13.58,observed
TAGGAAAAGTGG,284,13.74,observed
TAGGAAAAGTGG,297,13.9,observed
TAGGAAAAGTGG,309,14.05,observed
TAGGAAAAGTGG,321,14.2,observed
TAGGAAAAGTGG,334,14.36,observed
TAGGAAAAGTGG,346,14.5,observed
TAGGAAAAGTGG,358,14.64,observed
TAGGAAAAGTGG,371,14.79,observed
TAGGAAAAGTGG,383,14.93,observed
TAGGAAAAGTGG,395,15.06,observed
TAGGAAAAGTGG,408,15.21,observed
TAGGAAAAGTGG,420,15.34,observed
TAGGAAAAGTGG,432,15.47,observed
TAGGAAAAGTGG,445,15.61,observed
TAGGAAAAGTGG,457,15.74,observed
TAGGAAAAGTGG,469,15.86,observed
TAGGAAAAGTGG,482,16.0,observed
TAGGAAAAGTGG,514,16.33,extrapolated
TAGGAAAAGTGG,547,16.66,extrapolated
TAGGAAAAGTGG,580,16.98,extrapolated
TAGGAAAAGTGG,612,17.28,extrapolated
TAGGAAAAGTGG,645,17.58,extrapolated
TAGGAAAAGTGG,678,17.88,extrapolated
TAGGAAAAGTGG,710,18.15,extrapolated
TAGGAAAAGTGG,743,18.43,extrapolated
TAGGAAAAGTGG,776,18.7,extrapolated
TAGGAAAAGTGG,808,18.96,extrapolated
TAGGAAAAGTGG,841,19.22,extrapolated
TAGGAAAAGTGG,874,19.47,extrapolated
TAGGAAAAGTGG,906,19.71,extrapolated
TAGGAAAAGTGG,939,19.94,extrapolated
TAGGAAAAGTGG,972,20.17,extrapolated
TAGGAAAAGTGG,1004,20.39,extrapolated
TAGGAAAAGTGG,1037,20.61,extrapolated
TAGGAAAAGTGG,1070,20.82,extrapolated
TAGGAAAAGTGG,1102,21.02,extrapolated
TAGGAAAAGTGG,1135,21.23,extrapolated
TAGGAAAAGTGG,1168,21.42,extrapolated
TAGGAAAAGTGG,1200,21.61,extrapolated
TAGGAAAAGTGG,1233,21.79,extrapolated
TAGGAAAAGTGG,1266,21.97,extrapolated
TAGGAAAAGTGG,1298,22.14,extrapolated
TAGGAAAAGTGG,1331,22.32,extrapolated
TAGGAAAAGTGG,1364,22.48,extrapolated
TAGGAAAAGTGG,1396,22.64,extrapolated
TAGGAAAAGTGG,1429,22.8,extrapolated
TAGGAAAAGTGG,1462,22.95,extrapolated
TAGGAAAAGTGG,1495,23.1,extrapolated
TAGGAAAAGTGG,1527,23.24,extrapolated
TAGGAAAAGTGG,1560,23.38,extrapolated
TAGGAAAAGTGG,1593,23.52,extrapolated
TAGGAAAAGTGG,1625,23.65,extrapolated
TAGGAAAAGTGG,1658,23.78,extrapolated
TAGGAAAAGTGG,1691,23.91,extrapolated
TAGGAAAAGTGG,1723,24.03,extrapolated
TAGGAAAAGTGG,1756,24.15,extrapolated
TAGGAAAAGTGG,1789,24.27,extrapolated
TAGGAAAAGTGG,1821,24.38,extrapolated
TAGGAAAAGTGG,1854,24.49,extrapolated
TAGGAAAAGTGG,1887,24.59,extrapolated
TAGGAAAAGTGG,1919,24.7,extrapolated
TAGGAAAAGTGG,1952,24.8,extrapolated
TAGGAAAAGTGG,1985,24.9,extrapolated
TAGGAAAAGTGG,2017,24.99,extrapolated
TAGGAAAAGTGG,2050,25.09,extrapolated
TAGGAAAAGTGG,2083,25.18,extrapolated
TAGGAAAAGTGG,2115,25.26,extrapolated
TAGGAAAAGTGG,2148,25.35,extrapolated
TAGGAAAAGTGG,2181,25.44,extrapolated
TAGGAAAAGTGG,2213,25.52,extrapolated
TAGGAAAAGTGG,2246,25.6,extrapolated
TAGGAAAAGTGG,2279,25.67,extrapolated
TAGGAAAAGTGG,2311,25.75,extrapolated
TAGGAAAAGTGG,2344,25.82,extrapolated
TAGGAAAAGTGG,2377,25.89,extrapolated
TAGGAAAAGTGG,2410,25.96,extrapolated
TGGCGAAAAAAC,1,1.0,observed
TGGCGAAAAAAC,24,9.48,observed
TGGCGAAAAAAC,48,13.32,observed
TGGCGAAAAAAC,71,15.98,observed
TGGCGAAAAAAC,95,18.26,observed
TGGCGAAAAAAC,118,20.14,observed
TGGCGAAAAAAC,142,21.91,observed
TGGCGAAAAAAC,165,23.45,observed
TGGCGAAAAAAC,189,24.94,observed
TGGCGAAAAAAC,213,26.33,observed
TGGCGAAAAAAC,236,27.6,observed
TGGCGAAAAAAC,260,28.85,observed
TGGCGAAAAAAC,283,29.99,observed
TGGCGAAAAAAC,307,31.14,observed
TGGCGAAAAAAC,330,32.2,observed
TGGCGAAAAAAC,354,33.27,observed
TGGCGAAAAAAC,378,34.31,observed
TGGCGAAAAAAC,401,35.28,observed
TGGCGAAAAAAC,425,36.26,observed
TGGCGAAAAAAC,448,37.18,observed
TGGCGAAAAAAC,472,38.12,observed
TGGCGAAAAAAC,495,39.0,observed
TGGCGAAAAAAC,519,39.9,observed
TGGCGAAAAAAC,542,40.75,observed
TGGCGAAAAAAC,566,41.62,observed
TGGCGAAAAAAC,590,42.47,observed
TGGCGAAAAAAC,613,43.27,observed
TGGCGAAAAAAC,637,44.1,observed
TGGCGAAAAAAC,660,44.87,observed
TGGCGAAAAAAC,684,45.67,observed
TGGCGAAAAAAC,707,46.43,observed
TGGCGAAAAAAC,731,47.21,observed
TGGCGAAAAAAC,755,47.97,observed
TGGCGAAAAAAC,778,48.7,observed
TGGCGAAAAAAC,802,49.45,observed
TGGCGAAAAAAC,825,50.15,observed
TGGCGAAAAAAC,849,50.89,observed
TGGCGAAAAAAC,872,51.58,observed
TGGCGAAAAAAC,896,52.29,observed
TGGCGAAAAAAC,920,53.0,observed
TGGCGAAAAAAC,982,54.8,extrapolated
TGGCGAAAAAAC,1044,56.55,extrapolated
TGGCGAAAAAAC,1107,58.29,extrapolated
TGGCGAAAAAAC,1169,59.95,extrapolated
TGGCGAAAAAAC,1231,61.58,extrapolated
TGGCGAAAAAAC,1294,63.19,extrapolated
TGGCGAAAAAAC,1356,64.73,extrapolated
TGGCGAAAAAAC,1418,66.24,extrapolated
TGGCGAAAAAAC,1481,67.73,extrapolated
TGGCGAAAAAAC,1543,69.17,extrapolated
TGGCGAAAAAAC,1606,70.59,extrapolated
TGGCGAAAAAAC,1668,71.95,extrapolated
TGGCGAAAAAAC,1730,73.28,extrapolated
TGGCGAAAAAAC,1793,74.6,extrapolated
TGGCGAAAAAAC,1855,75.86,extrapolated
TGGCGAAAAAAC,1917,77.09,extrapolated
TGGCGAAAAAAC,1980,78.31,extrapolated
TGGCGAAAAAAC,2042,79.49,extrapolated
TGGCGAAAAAAC,2105,80.65,extrapolated
TGGCGAAAAAAC,2167,81.76,extrapolated
TGGCGAAAAAAC,2229,82.85,extrapolated
TGGCGAAAAAAC,2292,83.93,extrapolated
TGGCGAAAAAAC,2354,84.96,extrapolated
TGGCGAAAAAAC,2416,85.97,extrapolated
TGGCGAAAAAAC,2479,86.97,extrapolated
TGGCGAAAAAAC,2541,87.92,extrapolated
TGGCGAAAAAAC,2604,88.87,extrapolated
TGGCGAAAAAAC,2666,89.79,extrapolated
TGGCGAAAAAAC,2728,90.68,extrapolated
TGGCGAAAAAAC,2791,91.56,extrapolated
TGGCGAAAAAAC,2853,92.4,extrapolated
TGGCGAAAAAAC,2915,93.23,extrapolated
TGGCGAAAAAAC,2978,94.04,extrapolated
TGGCGAAAAAAC,3040,94.83,extrapolated
TGGCGAAAAAAC,3103,95.6,extrapolated
TGGCGAAAAAAC,3165,96.35,extrapolated
TGGCGAAAAAAC,3227,97.08,extrapolated
TGGCGAAAAAAC,3290,97.8,extrapolated
TGGCGAAAAAAC,3352,98.49,extrapolated
TGGCGAAAAAAC,3414,99.16,extrapolated
TGGCGAAAAAAC,3477,99.83,extrapolated
TGGCGAAAAAAC,3539,100.47,extrapolated
TGGCGAAAAAAC,3602,101.11,extrapolated
TGGCGAAAAAAC,3664,101.72,extrapolated
TGGCGAAAAAAC,3726,102.31,extrapolated
TGGCGAAAAAAC,3789,102.9,extrapolated
TGGCGAAAAAAC,3851,103.47,extrapolated
TGGCGAAAAAAC,3913,104.02,extrapolated
TGGCGAAAAAAC,3976,104.56,extrapolated
TGGCGAAAAAAC,4038,105.09,extrapolated
TGGCGAAAAAAC,4101,105.61,extrapolated
TGGCGAAAAAAC,4163,106.11,extrapolated
TGGCGAAAAAAC,4225,106.59,extrapolated
TGGCGAAAAAAC,4288,107.08,extrapolated
TGGCGAAAAAAC,4350,107.54,extrapolated
TGGCGAAAAAAC,4412,107.99,extrapolated
TGGCGAAAAAAC,4475,108.44,extrapolated
TGGCGAAAAAAC,4537,108.87,extrapolated
TGGCGAAAAAAC,4600,109.29,extrapolated
TTGGTAACCCCA,1,1.0,observed
TTGGTAACCCCA,3,1.05,observed
TTGGTAACCCCA,6,1.11,observed
TTGGTAACCCCA,9,1.16,observed
TTGGTAACCCCA,12,1.21,observed
TTGGTAACCCCA,15,1.27,observed
TTGGTAACCCCA,18,1.32,observed
TTGGTAACCCCA,20,1.36,observed
TTGGTAACCCCA,23,1.41,observed
TTGGTAACCCCA,26,1.46,observed
TTGGTAACCCCA,29,1.52,observed
TTGGTAACCCCA,32,1.57,observed
TTGGTAACCCCA,35,1.63,observed
TTGGTAACCCCA,38,1.68,observed
TTGGTAACCCCA,40,1.71,observed
TTGGTAACCCCA,43,1.77,observed
TTGGTAACCCCA,46,1.82,observed
TTGGTAACCCCA,49,1.88,observed
TTGGTAACCCCA,52,1.93,observed
TTGGTAACCCCA,55,1.98,observed
TTGGTAACCCCA,57,2.02,observed
TTGGTAACCCCA,60,2.07,observed
TTGGTAACCCCA,63,2.13,observed
TTGGTAACCCCA,66,2.18,observed
TTGGTAACCCCA,69,2.23,observed
TTGGTAACCCCA,72,2.29,observed
TTGGTAACCCCA,75,2.34,observed
TTGGTAACCCCA,77,2.38,observed
TTGGTAACCCCA,80,2.43,observed
TTGGTAACCCCA,83,2.48,observed
TTGGTAACCCCA,86,2.54,observed
TTGGTAACCCCA,89,2.59,observed
TTGGTAACCCCA,92,2.64,observed
TTGGTAACCCCA,94,2.68,observed
TTGGTAACCCCA,97,2.73,observed
TTGGTAACCCCA,100,2.79,observed
TTGGTAACCCCA,103,2.84,observed
TTGGTAACCCCA,106,2.89,observed
TTGGTAACCCCA,109,2.95,observed
TTGGTAACCCCA,112,3.0,observed
TTGGTAACCCCA,119,3.12,extrapolated
TTGGTAACCCCA,127,3.23,extrapolated
TTGGTAACCCCA,134,3.32,extrapolated
TTGGTAACCCCA,142,3.41,extrapolated
TTGGTAACCCCA,149,3.48,extrapolated
TTGGTAACCCCA,157,3.55,extrapolated
TTGGTAACCCCA,165,3.61,extrapolated
TTGGTAACCCCA,172,3.65,extrapolated
TTGGTAACCCCA,180,3.7,extrapolated
TTGGTAACCCCA,187,3.73,extrapolated
TTGGTAACCCCA,195,3.77,extrapolated
TTGGTAACCCCA,203,3.8,extrapolated
TTGGTAACCCCA,210,3.82,extrapolated
TTGGTAACCCCA,218,3.84,extrapolated
TTGGTAACCCCA,225,3.86,extrapolated
TTGGTAACCCCA,233,3.88,extrapolated
TTGGTAACCCCA,241,3.89,extrapolated
TTGGTAACCCCA,248,3.9,extrapolated
TTGGTAACCCCA,256,3.92,extrapolated
TTGGTAACCCCA,263,3.92,extrapolated
TTGGTAACCCCA,271,3.93,extrapolated
TTGGTAACCCCA,279,3.94,extrapolated
TTGGTAACCCCA,286,3.95,extrapolated
TTGGTAACCCCA,294,3.95,extrapolated
TTGGTAACCCCA,301,3.96,extrapolated
TTGGTAACCCCA,309,3.96,extrapolated
TTGGTAACCCCA,317,3.97,extrapolated
TTGGTAACCCCA,324,3.97,extrapolated
TTGGTAACCCCA,332,3.97,extrapolated
TTGGTAACCCCA,339,3.97,extrapolated
TTGGTAACCCCA,347,3.98,extrapolated
TTGGTAACCCCA,354,3.98,extrapolated
TTGGTAACCCCA,362,3.98,extrapolated
TTGGTAACCCCA,370,3.98,extrapolated
TTGGTAACCCCA,377,3.98,extrapolated
TTGGTAACCCCA,385,3.98,extrapolated
TTGGTAACCCCA,392,3.98,extrapolated
TTGGTAACCCCA,400,3.99,extrapolated
TTGGTAACCCCA,408,3.99,extrapolated
TTGGTAACCCCA,415,3.99,extrapolated
TTGGTAACCCCA,423,3.99,extrapolated
TTGGTAACCCCA,430,3.99,extrapolated
TTGGTAACCCCA,438,3.99,extrapolated
TTGGTAACCCCA,446,3.99,extrapolated
TTGGTAACCCCA,453,3.99,extrapolated
TTGGTAACCCCA,461,3.99,extrapolated
TTGGTAACCCCA,468,3.99,extrapolated
TTGGTAACCCCA,476,3.99,extrapolated
TTGGTAACCCCA,484,3.99,extrapolated
TTGGTAACCCCA,491,3.99,extrapolated
TTGGTAACCCCA,499,3.99,extrapolated
TTGGTAACCCCA,506,3.99,extrapolated
TTGGTAACCCCA,514,3.99,extrapolated
TTGGTAACCCCA,522,3.99,extrapolated
TTGGTAACCCCA,529,3.99,extrapolated
TTGGTAACCCCA,537,3.99,extrapolated
TTGGTAACCCCA,544,3.99,extrapolated
TTGGTAACCCCA,552,3.99,extrapolated
TTGGTAACCCCA,560,3.99,extrapolated
GTCCCAATTTTT,1,1.0,observed
GTCCCAATTTTT,5,3.15,observed
GTCCCAATTTTT,10,4.93,observed
GTCCCAATTTTT,15,6.46,observed
GTCCCAATTTTT,20,7.85,observed
GTCCCAATTTTT,25,9.14,observed
GTCCCAATTTTT,30,10.35,observed
GTCCCAATTTTT,35,11.51,observed
GTCCCAATTTTT,40,12.61,observed
GTCCCAATTTTT,45,13.68,observed
GTCCCAATTTTT,49,14.5,observed
GTCCCAATTTTT,54,15.5,observed
GTCCCAATTTTT,59,16.46,observed
GTCCCAATTTTT,64,17.4,observed
GTCCCAATTTTT,69,18.32,observed
GTCCCAATTTTT,74,19.21,observed
GTCCCAATTTTT,79,20.07,observed
GTCCCAATTTTT,84,20.92,observed
GTCCCAATTTTT,89,21.75,observed
GTCCCAATTTTT,94,22.56,observed
GTCCCAATTTTT,98,23.2,observed
GTCCCAATTTTT,103,23.98,observed
GTCCCAATTTTT,108,24.75,observed
GTCCCAATTTTT,113,25.5,observed
GTCCCAATTTTT,118,26.24,observed
GTCCCAATTTTT,123,26.97,observed
GTCCCAATTTTT,128,27.69,observed
GTCCCAATTTTT,133,28.39,observed
GTCCCAATTTTT,138,29.09,observed
GTCCCAATTTTT,143,29.77,observed
GTCCCAATTTTT,147,30.31,observed
GTCCCAATTTTT,152,30.98,observed
GTCCCAATTTTT,157,31.63,observed
GTCCCAATTTTT,162,32.28,observed
GTCCCAATTTTT,167,32.92,observed
GTCCCAATTTTT,172,33.55,observed
GTCCCAATTTTT,177,34.17,observed
GTCCCAATTTTT,182,34.79,observed
GTCCCAATTTTT,187,35.4,observed
GTCCCAATTTTT,192,36.0,observed
GTCCCAATTTTT,205,37.53,extrapolated
GTCCCAATTTTT,218,39.02,extrapolated
GTCCCAATTTTT,231,40.47,extrapolated
GTCCCAATTTTT,244,41.87,extrapolated
GTCCCAATTTTT,257,43.23,extrapolated
GTCCCAATTTTT,270,44.55,extrapolated
GTCCCAATTTTT,283,45.84,extrapolated
GTCCCAATTTTT,296,47.08,extrapolated
GTCCCAATTTTT,309,48.29,extrapolated
GTCCCAATTTTT,322,49.47,extrapolated
GTCCCAATTTTT,335,50.61,extrapolated
GTCCCAATTTTT,348,51.71,extrapolated
GTCCCAATTTTT,361,52.79,extrapolated
GTCCCAATTTTT,374,53.83,extrapolated
GTCCCAATTTTT,387,54.85,extrapolated
GTCCCAATTTTT,400,55.83,extrapolated
GTCCCAATTTTT,413,56.79,extrapolated
GTCCCAATTTTT,426,57.71,extrapolated
GTCCCAATTTTT,439,58.61,extrapolated
GTCCCAATTTTT,452,59.49,extrapolated
GTCCCAATTTTT,465,60.34,extrapolated
GTCCCAATTTTT,478,61.16,extrapolated
GTCCCAATTTTT,491,61.96,extrapolated
GTCCCAATTTTT,504,62.74,extrapolated
GTCCCAATTTTT,517,63.49,extrapolated
GTCCCAATTTTT,530,64.22,extrapolated
GTCCCAATTTTT,543,64.93,extrapolated
GTCCCAATTTTT,556,65.62,extrapolated
GTCCCAATTTTT,569,66.29,extrapolated
GTCCCAATTTTT,582,66.94,extrapolated
GTCCCAATTTTT,595,67.58,extrapolated
GTCCCAATTTTT,608,68.19,extrapolated
GTCCCAATTTTT,621,68.78,extrapolated
GTCCCAATTTTT,634,69.36,extrapolated
GTCCCAATTTTT,647,69.92,extrapolated
GTCCCAATTTTT,660,70.47,extrapolated
GTCCCAATTTTT,673,71.0,extrapolated
GTCCCAATTTTT,686,71.51,extrapolated
GTCCCAATTTTT,699,72.01,extrapolated
GTCCCAATTTTT,712,72.49,extrapolated
GTCCCAATTTTT,725,72.96,extrapolated
GTCCCAATTTTT,738,73.42,extrapolated
GTCCCAATTTTT,751,73.86,extrapolated
GTCCCAATTTTT,764,74.29,extrapolated
GTCCCAATTTTT,777,74.71,extrapolated
GTCCCAATTTTT,790,75.11,extrapolated
GTCCCAATTTTT,803,75.51,extrapolated
GTCCCAATTTTT,816,75.89,extrapolated
GTCCCAATTTTT,829,76.26,extrapolated
GTCCCAATTTTT,842,76.62,extrapolated
GTCCCAATTTTT,855,76.97,extrapolated
GTCCCAATTTTT,868,77.31,extrapolated
GTCCCAATTTTT,881,77.64,extrapolated
GTCCCAATTTTT,894,77.96,extrapolated
GTCCCAATTTTT,907,78.27,extrapolated
GTCCCAATTTTT,920,78.57,extrapolated
GTCCCAATTTTT,933,78.86,extrapolated
GTCCCAATTTTT,946,79.15,extrapolated
GTCCCAATTTTT,960,79.45,extrapolated
TGGTGAAAGTAA,1,1.0,observed
TGGTGAAAGTAA,5,3.35,observed
TGGTGAAAGTAA,9,5.1,observed
TGGTGAAAGTAA,13,6.69,observed
TGGTGAAAGTAA,18,8.52,observed
TGGTGAAAGTAA,22,9.87,observed
TGGTGAAAGTAA,26,11.13,observed
TGGTGAAAGTAA,31,12.6,observed
TGGTGAAAGTAA,35,13.7,observed
TGGTGAAAGTAA,39,14.75,observed
TGGTGAAAGTAA,44,15.98,observed
TGGTGAAAGTAA,48,16.91,observed
TGGTGAAAGTAA,52,17.8,observed
TGGTGAAAGTAA,57,18.87,observed
TGGTGAAAGTAA,61,19.68,observed
TGGTGAAAGTAA,65,20.46,observed
TGGTGAAAGTAA,69,21.22,observed
TGGTGAAAGTAA,74,22.14,observed
TGGTGAAAGTAA,78,22.84,observed
TGGTGAAAGTAA,82,23.53,observed
TGGTGAAAGTAA,87,24.37,observed
TGGTGAAAGTAA,91,25.02,observed
TGGTGAAAGTAA,95,25.65,observed
TGGTGAAAGTAA,100,26.43,observed
TGGTGAAAGTAA,104,27.04,observed
TGGTGAAAGTAA,108,27.64,observed
TGGTGAAAGTAA,113,28.37,observed
TGGTGAAAGTAA,117,28.95,observed
TGGTGAAAGTAA,121,29.52,observed
TGGTGAAAGTAA,125,30.09,observed
TGGTGAAAGTAA,130,30.78,observed
TGGTGAAAGTAA,134,31.34,observed
TGGTGAAAGTAA,138,31.88,observed
TGGTGAAAGTAA,143,32.56,observed
TGGTGAAAGTAA,147,33.1,observed
TGGTGAAAGTAA,151,33.63,observed
TGGTGAAAGTAA,156,34.3,observed
TGGTGAAAGTAA,160,34.82,observed
TGGTGAAAGTAA,164,35.35,observed
TGGTGAAAGTAA,169,36.0,observed
TGGTGAAAGTAA,180,37.42,extrapolated
TGGTGAAAGTAA,191,38.83,extrapolated
TGGTGAAAGTAA,203,40.34,extrapolated
TGGTGAAAGTAA,214,41.71,extrapolated
TGGTGAAAGTAA,226,43.19,extrapolated
TGGTGAAAGTAA,237,44.53,extrapolated
TGGTGAAAGTAA,249,45.97,extrapolated
TGGTGAAAGTAA,260,47.28,extrapolated
TGGTGAAAGTAA,272,48.68,extrapolated
TGGTGAAAGTAA,283,49.95,extrapolated
TGGTGAAAGTAA,295,51.33,extrapolated
TGGTGAAAGTAA,306,52.57,extrapolated
TGGTGAAAGTAA,317,53.79,extrapolated
TGGTGAAAGTAA,329,55.12,extrapolated
TGGTGAAAGTAA,340,56.31,extrapolated
TGGTGAAAGTAA,352,57.6,extrapolated
TGGTGAAAGTAA,363,58.77,extrapolated
TGGTGAAAGTAA,375,60.03,extrapolated
TGGTGAAAGTAA,386,61.16,extrapolated
TGGTGAAAGTAA,398,62.39,extrapolated
TGGTGAAAGTAA,409,63.5,extrapolated
TGGTGAAAGTAA,421,64.7,extrapolated
TGGTGAAAGTAA,432,65.78,extrapolated
TGGTGAAAGTAA,443,66.85,extrapolated
TGGTGAAAGTAA,455,68.01,extrapolated
TGGTGAAAGTAA,466,69.05,extrapolated
TGGTGAAAGTAA,478,70.17,extrapolated
TGGTGAAAGTAA,489,71.19,extrapolated
TGGTGAAAGTAA,501,72.29,extrapolated
TGGTGAAAGTAA,512,73.28,extrapolated
TGGTGAAAGTAA,524,74.35,extrapolated
TGGTGAAAGTAA,535,75.32,extrapolated
TGGTGAAAGTAA,547,76.37,extrapolated
TGGTGAAAGTAA,558,77.31,extrapolated
TGGTGAAAGTAA,570,78.33,extrapolated
TGGTGAAAGTAA,581,79.25,extrapolated
TGGTGAAAGTAA,592,80.16,extrapolated
TGGTGAAAGTAA,604,81.15,extrapolated
TGGTGAAAGTAA,615,82.03,extrapolated
TGGTGAAAGTAA,627,82.99,extrapolated
TGGTGAAAGTAA,638,83.86,extrapolated
TGGTGAAAGTAA,650,84.79,extrapolated
TGGTGAAAGTAA,661,85.64,extrapolated
TGGTGAAAGTAA,673,86.55,extrapolated
TGGTGAAAGTAA,684,87.37,extrapolated
TGGTGAAAGTAA,696,88.26,extrapolated
TGGTGAAAGTAA,707,89.07,extrapolated
TGGTGAAAGTAA,718,89.86,extrapolated
TGGTGAAAGTAA,730,90.72,extrapolated
TGGTGAAAGTAA,741,91.49,extrapolated
TGGTGAAAGTAA,753,92.33,extrapolated
TGGTGAAAGTAA,764,93.09,extrapolated
TGGTGAAAGTAA,776,93.9,extrapolated
TGGTGAAAGTAA,787,94.64,extrapolated
TGGTGAAAGTAA,799,95.43,extrapolated
TGGTGAAAGTAA,810,96.15,extrapolated
TGGTGAAAGTAA,822,96.93,extrapolated
TGGTGAAAGTAA,833,97.63,extrapolated
TGGTGAAAGTAA,845,98.39,extrapolated
CTATGAAGCCTG,1,1.0,observed
CTATGAAGCCTG,5,3.63,observed
CTATGAAGCCTG,10,5.94,observed
CTATGAAGCCTG,14,7.53,observed
CTATGAAGCCTG,19,9.31,observed
CTATGAAGCCTG,24,10.92,observed
CTATGAAGCCTG,28,12.12,observed
CTATGAAGCCTG,33,13.53,observed
CTATGAAGCCTG,38,14.86,observed
CTATGAAGCCTG,42,15.87,observed
CTATGAAGCCTG,47,17.08,observed
CTATGAAGCCTG,52,18.24,observed
CTATGAAGCCTG,56,19.13,observed
CTATGAAGCCTG,61,20.22,observed
CTATGAAGCCTG,65,21.06,observed
CTATGAAGCCTG,70,22.09,observed
CTATGAAGCCTG,75,23.09,observed
CTATGAAGCCTG,79,23.88,observed
CTATGAAGCCTG,84,24.84,observed
CTATGAAGCCTG,89,25.78,observed
CTATGAAGCCTG,93,26.51,observed
CTATGAAGCCTG,98,27.42,observed
CTATGAAGCCTG,103,28.31,observed
CTATGAAGCCTG,107,29.02,observed
CTATGAAGCCTG,112,29.89,observed
CTATGAAGCCTG,117,30.74,observed
CTATGAAGCCTG,121,31.42,observed
CTATGAAGCCTG,126,32.25,observed
CTATGAAGCCTG,130,32.91,observed
CTATGAAGCCTG,135,33.73,observed
CTATGAAGCCTG,140,34.53,observed
CTATGAAGCCTG,144,35.17,observed
CTATGAAGCCTG,149,35.96,observed
CTATGAAGCCTG,154,36.75,observed
CTATGAAGCCTG,158,37.37,observed
CTATGAAGCCTG,163,38.14,observed
CTATGAAGCCTG,168,38.9,observed
CTATGAAGCCTG,172,39.51,observed
CTATGAAGCCTG,177,40.26,observed
CTATGAAGCCTG,182,41.0,observed
CTATGAAGCCTG,194,42.76,extrapolated
CTATGAAGCCTG,206,44.49,extrapolated
CTATGAAGCCTG,219,46.32,extrapolated
CTATGAAGCCTG,231,47.98,extrapolated
CTATGAAGCCTG,243,49.61,extrapolated
CTATGAAGCCTG,256,51.33,extrapolated
CTATGAAGCCTG,268,52.89,extrapolated
CTATGAAGCCTG,280,54.42,extrapolated
CTATGAAGCCTG,293,56.05,extrapolated
CTATGAAGCCTG,305,57.52,extrapolated
CTATGAAGCCTG,317,58.96,extrapolated
CTATGAAGCCTG,330,60.48,extrapolated
CTATGAAGCCTG,342,61.87,extrapolated
CTATGAAGCCTG,354,63.22,extrapolated
CTATGAAGCCTG,367,64.66,extrapolated
CTATGAAGCCTG,379,65.96,extrapolated
CTATGAAGCCTG,391,67.24,extrapolated
CTATGAAGCCTG,404,68.59,extrapolated
CTATGAAGCCTG,416,69.82,extrapolated
CTATGAAGCCTG,428,71.02,extrapolated
CTATGAAGCCTG,441,72.3,extrapolated
CTATGAAGCCTG,453,73.45,extrapolated
CTATGAAGCCTG,465,74.58,extrapolated
CTATGAAGCCTG,478,75.78,extrapolated
CTATGAAGCCTG,490,76.87,extrapolated
CTATGAAGCCTG,502,77.93,extrapolated
CTATGAAGCCTG,515,79.06,extrapolated
CTATGAAGCCTG,527,80.08,extrapolated
CTATGAAGCCTG,539,81.08,extrapolated
CTATGAAGCCTG,552,82.15,extrapolated
CTATGAAGCCTG,564,83.11,extrapolated
CTATGAAGCCTG,576,84.05,extrapolated
CTATGAAGCCTG,589,85.05,extrapolated
CTATGAAGCCTG,601,85.96,extrapolated
CTATGAAGCCTG,613,86.84,extrapolated
CTATGAAGCCTG,626,87.79,extrapolated
CTATGAAGCCTG,638,88.64,extrapolated
CTATGAAGCCTG,650,89.47,extrapolated
CTATGAAGCCTG,663,90.36,extrapolated
CTATGAAGCCTG,675,91.16,extrapolated
CTATGAAGCCTG,687,91.95,extrapolated
CTATGAAGCCTG,700,92.78,extrapolated
CTATGAAGCCTG,712,93.54,extrapolated
CTATGAAGCCTG,724,94.28,extrapolated
CTATGAAGCCTG,737,95.07,extrapolated
CTATGAAGCCTG,749,95.78,extrapolated
CTATGAAGCCTG,761,96.47,extrapolated
CTATGAAGCCTG,774,97.21,extrapolated
CTATGAAGCCTG,786,97.88,extrapolated
CTATGAAGCCTG,798,98.54,extrapolated
CTATGAAGCCTG,811,99.23,extrapolated
CTATGAAGCCTG,823,99.86,extrapolated
CTATGAAGCCTG,835,100.48,extrapolated
CTATGAAGCCTG,848,101.14,extrapolated
CTATGAAGCCTG,860,101.73,extrapolated
CTATGAAGCCTG,872,102.31,extrapolated
CTATGAAGCCTG,885,102.93,extrapolated
CTATGAAGCCTG,897,103.48,extrapolated
CTATGAAGCCTG,910,104.08,extrapolated
GGGGCAAGGGGA,1,1.0,observed
GGGGCAAGGGGA,4,2.85,observed
GGGGCAAGGGGA,8,4.53,observed
GGGGCAAGGGGA,12,5.95,observed
GGGGCAAGGGGA,16,7.2,observed
GGGGCAAGGGGA,20,8.34,observed
GGGGCAAGGGGA,24,9.4,observed
GGGGCAAGGGGA,28,10.39,observed
GGGGCAAGGGGA,31,11.1,observed
GGGGCAAGGGGA,35,12.01,observed
GGGGCAAGGGGA,39,12.88,observed
GGGGCAAGGGGA,43,13.71,observed
GGGGCAAGGGGA,47,14.52,observed
GGGGCAAGGGGA,51,15.3,observed
GGGGCAAGGGGA,55,16.06,observed
GGGGCAAGGGGA,59,16.8,observed
GGGGCAAGGGGA,62,17.34,observed
GGGGCAAGGGGA,66,18.04,observed
GGGGCAAGGGGA,70,18.73,observed
GGGGCAAGGGGA,74,19.4,observed
GGGGCAAGGGGA,78,20.05,observed
GGGGCAAGGGGA,82,20.69,observed
GGGGCAAGGGGA,86,21.32,observed
GGGGCAAGGGGA,90,21.93,observed
GGGGCAAGGGGA,93,22.38,observed
GGGGCAAGGGGA,97,22.97,observed
GGGGCAAGGGGA,101,23.55,observed
GGGGCAAGGGGA,105,24.12,observed
GGGGCAAGGGGA,109,24.67,observed
GGGGCAAGGGGA,113,25.22,observed
GGGGCAAGGGGA,117,25.75,observed
GGGGCAAGGGGA,121,26.27,observed
GGGGCAAGGGGA,124,26.66,observed
GGGGCAAGGGGA,128,27.16,observed
GGGGCAAGGGGA,132,27.66,observed
GGGGCAAGGGGA,136,28.15,observed
GGGGCAAGGGGA,140,28.62,observed
GGGGCAAGGGGA,144,29.09,observed
GGGGCAAGGGGA,148,29.55,observed
GGGGCAAGGGGA,152,30.0,observed
GGGGCAAGGGGA,162,31.09,extrapolated
GGGGCAAGGGGA,172,32.13,extrapolated
GGGGCAAGGGGA,182,33.12,extrapolated
GGGGCAAGGGGA,193,34.16,extrapolated
GGGGCAAGGGGA,203,35.06,extrapolated
GGGGCAAGGGGA,213,35.92,extrapolated
GGGGCAAGGGGA,224,36.82,extrapolated
GGGGCAAGGGGA,234,37.6,extrapolated
GGGGCAAGGGGA,244,38.35,extrapolated
GGGGCAAGGGGA,255,39.13,extrapolated
GGGGCAAGGGGA,265,39.8,extrapolated
GGGGCAAGGGGA,275,40.44,extrapolated
GGGGCAAGGGGA,285,41.06,extrapolated
GGGGCAAGGGGA,296,41.7,extrapolated
GGGGCAAGGGGA,306,42.26,extrapolated
GGGGCAAGGGGA,316,42.79,extrapolated
GGGGCAAGGGGA,327,43.35,extrapolated
GGGGCAAGGGGA,337,43.83,extrapolated
GGGGCAAGGGGA,347,44.29,extrapolated
GGGGCAAGGGGA,358,44.77,extrapolated
GGGGCAAGGGGA,368,45.19,extrapolated
GGGGCAAGGGGA,378,45.59,extrapolated
GGGGCAAGGGGA,389,46.0,extrapolated
GGGGCAAGGGGA,399,46.36,extrapolated
GGGGCAAGGGGA,409,46.71,extrapolated
GGGGCAAGGGGA,419,47.04,extrapolated
GGGGCAAGGGGA,430,47.38,extrapolated
GGGGCAAGGGGA,440,47.68,extrapolated
GGGGCAAGGGGA,450,47.96,extrapolated
GGGGCAAGGGGA,461,48.26,extrapolated
GGGGCAAGGGGA,471,48.52,extrapolated
GGGGCAAGGGGA,481,48.77,extrapolated
GGGGCAAGGGGA,492,49.02,extrapolated
GGGGCAAGGGGA,502,49.25,extrapolated
GGGGCAAGGGGA,512,49.46,extrapolated
GGGGCAAGGGGA,522,49.66,extrapolated
GGGGCAAGGGGA,533,49.88,extrapolated
GGGGCAAGGGGA,543,50.06,extrapolated
GGGGCAAGGGGA,553,50.24,extrapolated
GGGGCAAGGGGA,564,50.42,extrapolated
GGGGCAAGGGGA,574,50.58,extrapolated
GGGGCAAGGGGA,584,50.73,extrapolated
GGGGCAAGGGGA,595,50.89,extrapolated
GGGGCAAGGGGA,605,51.03,extrapolated
GGGGCAAGGGGA,615,51.16,extrapolated
GGGGCAAGGGGA,626,51.3,extrapolated
GGGGCAAGGGGA,636,51.42,extrapolated
GGGGCAAGGGGA,646,51.54,extrapolated
GGGGCAAGGGGA,656,51.64,extrapolated
GGGGCAAGGGGA,667,51.76,extrapolated
GGGGCAAGGGGA,677,51.86,extrapolated
GGGGCAAGGGGA,687,51.95,extrapolated
GGGGCAAGGGGA,698,52.05,extrapolated
GGGGCAAGGGGA,708,52.14,extrapolated
GGGGCAAGGGGA,718,52.22,extrapolated
GGGGCAAGGGGA,729,52.3,extrapolated
GGGGCAAGGGGA,739,52.38,extrapolated
GGGGCAAGGGGA,749,52.45,extrapolated
GGGGCAAGGGGA,760,52.52,extrapolated
CACTTAAGGTTG,1,1.0,observed
CACTTAAGGTTG,4,3.28,observed
CACTTAAGGTTG,7,5.0,observed
CACTTAAGGTTG,10,6.44,observed
CACTTAAGGTTG,13,7.73,observed
CACTTAAGGTTG,17,9.29,observed
CACTTAAGGTTG,20,10.37,observed
CACTTAAGGTTG,23,11.39,observed
CACTTAAGGTTG,26,12.36,observed
CACTTAAGGTTG,29,13.29,observed
CACTTAAGGTTG,33,14.47,observed
CACTTAAGGTTG,36,15.32,observed
CACTTAAGGTTG,39,16.14,observed
CACTTAAGGTTG,42,16.94,observed
CACTTAAGGTTG,45,17.72,observed
CACTTAAGGTTG,49,18.73,observed
CACTTAAGGTTG,52,19.47,observed
CACTTAAGGTTG,55,20.19,observed
CACTTAAGGTTG,58,20.9,observed
CACTTAAGGTTG,61,21.6,observed
CACTTAAGGTTG,65,22.51,observed
CACTTAAGGTTG,68,23.18,observed
CACTTAAGGTTG,71,23.85,observed
CACTTAAGGTTG,74,24.5,observed
CACTTAAGGTTG,77,25.15,observed
CACTTAAGGTTG,81,26.0,observed
CACTTAAGGTTG,84,26.64,observed
CACTTAAGGTTG,87,27.26,observed
CACTTAAGGTTG,90,27.88,observed
CACTTAAGGTTG,93,28.5,observed
CACTTAAGGTTG,97,29.31,observed
CACTTAAGGTTG,100,29.92,observed
CACTTAAGGTTG,103,30.52,observed
CACTTAAGGTTG,106,31.12,observed
CACTTAAGGTTG,109,31.71,observed
CACTTAAGGTTG,113,32.49,observed
CACTTAAGGTTG,116,33.08,observed
CACTTAAGGTTG,119,33.66,observed
CACTTAAGGTTG,122,34.24,observed
CACTTAAGGTTG,126,35.0,observed
CACTTAAGGTTG,134,36.51,extrapolated
CACTTAAGGTTG,143,38.18,extrapolated
CACTTAAGGTTG,151,39.64,extrapolated
CACTTAAGGTTG,160,41.25,extrapolated
CACTTAAGGTTG,168,42.67,extrapolated
CACTTAAGGTTG,177,44.23,extrapolated
CACTTAAGGTTG,185,45.59,extrapolated
CACTTAAGGTTG,194,47.1,extrapolated
CACTTAAGGTTG,202,48.42,extrapolated
CACTTAAGGTTG,211,49.88,extrapolated
CACTTAAGGTTG,219,51.15,extrapolated
CACTTAAGGTTG,228,52.56,extrapolated
CACTTAAGGTTG,237,53.94,extrapolated
CACTTAAGGTTG,245,55.15,extrapolated
CACTTAAGGTTG,254,56.49,extrapolated
CACTTAAGGTTG,262,57.66,extrapolated
CACTTAAGGTTG,271,58.95,extrapolated
CACTTAAGGTTG,279,60.08,extrapolated
CACTTAAGGTTG,288,61.33,extrapolated
CACTTAAGGTTG,296,62.43,extrapolated
CACTTAAGGTTG,305,63.64,extrapolated
CACTTAAGGTTG,313,64.69,extrapolated
CACTTAAGGTTG,322,65.86,extrapolated
CACTTAAGGTTG,331,67.01,extrapolated
CACTTAAGGTTG,339,68.01,extrapolated
CACTTAAGGTTG,348,69.12,extrapolated
CACTTAAGGTTG,356,70.09,extrapolated
CACTTAAGGTTG,365,71.16,extrapolated
CACTTAAGGTTG,373,72.1,extrapolated
CACTTAAGGTTG,382,73.13,extrapolated
CACTTAAGGTTG,390,74.04,extrapolated
CACTTAAGGTTG,399,75.04,extrapolated
CACTTAAGGTTG,407,75.92,extrapolated
CACTTAAGGTTG,416,76.88,extrapolated
CACTTAAGGTTG,424,77.73,extrapolated
CACTTAAGGTTG,433,78.67,extrapolated
CACTTAAGGTTG,442,79.58,extrapolated
CACTTAAGGTTG,450,80.39,extrapolated
CACTTAAGGTTG,459,81.28,extrapolated
CACTTAAGGTTG,467,82.05,extrapolated
CACTTAAGGTTG,476,82.91,extrapolated
CACTTAAGGTTG,484,83.66,extrapolated
CACTTAAGGTTG,493,84.49,extrapolated
CACTTAAGGTTG,501,85.22,extrapolated
CACTTAAGGTTG,510,86.02,extrapolated
CACTTAAGGTTG,518,86.72,extrapolated
CACTTAAGGTTG,527,87.5,extrapolated
CACTTAAGGTTG,536,88.26,extrapolated
CACTTAAGGTTG,544,88.92,extrapolated
CACTTAAGGTTG,553,89.66,extrapolated
CACTTAAGGTTG,561,90.3,extrapolated
CACTTAAGGTTG,570,91.01,extrapolated
CACTTAAGGTTG,578,91.64,extrapolated
CACTTAAGGTTG,587,92.32,extrapolated
CACTTAAGGTTG,595,92.93,extrapolated
CACTTAAGGTTG,604,93.59,extrapolated
CACTTAAGGTTG,612,94.17,extrapolated
CACTTAAGGTTG,621,94.81,extrapolated
CACTTAAGGTTG,630,95.45,extrapolated
GTCGAAAAGGGA,1,1.0,observed
GTCGAAAAGGGA,5,3.71,observed
GTCGAAAAGGGA,10,6.14,observed
GTCGAAAAGGGA,15,8.16,observed
GTCGAAAAGGGA,20,9.93,observed
GTCGAAAAGGGA,25,11.49,observed
GTCGAAAAGGGA,30,12.9,observed
GTCGAAAAGGGA,35,14.18,observed
GTCGAAAAGGGA,40,15.35,observed
GTCGAAAAGGGA,45,16.44,observed
GTCGAAAAGGGA,50,17.46,observed
GTCGAAAAGGGA,55,18.42,observed
GTCGAAAAGGGA,60,19.33,observed
GTCGAAAAGGGA,65,20.2,observed
GTCGAAAAGGGA,70,21.04,observed
GTCGAAAAGGGA,75,21.84,observed
GTCGAAAAGGGA,80,22.62,observed
GTCGAAAAGGGA,85,23.38,observed
GTCGAAAAGGGA,90,24.12,observed
GTCGAAAAGGGA,95,24.84,observed
GTCGAAAAGGGA,99,25.4,observed
GTCGAAAAGGGA,104,26.1,observed
GTCGAAAAGGGA,109,26.78,observed
GTCGAAAAGGGA,114,27.45,observed
GTCGAAAAGGGA,119,28.1,observed
GTCGAAAAGGGA,124,28.75,observed
GTCGAAAAGGGA,129,29.39,observed
GTCGAAAAGGGA,134,30.02,observed
GTCGAAAAGGGA,139,30.64,observed
GTCGAAAAGGGA,144,31.25,observed
GTCGAAAAGGGA,149,31.86,observed
GTCGAAAAGGGA,154,32.46,observed
GTCGAAAAGGGA,159,33.05,observed
GTCGAAAAGGGA,164,33.64,observed
GTCGAAAAGGGA,169,34.21,observed
GTCGAAAAGGGA,174,34.78,observed
GTCGAAAAGGGA,179,35.35,observed
GTCGAAAAGGGA,184,35.91,observed
GTCGAAAAGGGA,189,36.46,observed
GTCGAAAAGGGA,194,37.0,observed
GTCGAAAAGGGA,207,38.38,extrapolated
GTCGAAAAGGGA,220,39.72,extrapolated
GTCGAAAAGGGA,233,41.02,extrapolated
GTCGAAAAGGGA,246,42.28,extrapolated
GTCGAAAAGGGA,259,43.49,extrapolated
GTCGAAAAGGGA,272,44.67,extrapolated
GTCGAAAAGGGA,286,45.9,extrapolated
GTCGAAAAGGGA,299,47.0,extrapolated
GTCGAAAAGGGA,312,48.07,extrapolated
GTCGAAAAGGGA,325,49.1,extrapolated
GTCGAAAAGGGA,338,50.11,extrapolated
GTCGAAAAGGGA,351,51.08,extrapolated
GTCGAAAAGGGA,364,52.02,extrapolated
GTCGAAAAGGGA,378,52.99,extrapolated
GTCGAAAAGGGA,391,53.87,extrapolated
GTCGAAAAGGGA,404,54.72,extrapolated
GTCGAAAAGGGA,417,55.55,extrapolated
GTCGAAAAGGGA,430,56.35,extrapolated
GTCGAAAAGGGA,443,57.12,extrapolated
GTCGAAAAGGGA,457,57.93,extrapolated
GTCGAAAAGGGA,470,58.65,extrapolated
GTCGAAAAGGGA,483,59.35,extrapolated
GTCGAAAAGGGA,496,60.03,extrapolated
GTCGAAAAGGGA,509,60.69,extrapolated
GTCGAAAAGGGA,522,61.32,extrapolated
GTCGAAAAGGGA,535,61.94,extrapolated
GTCGAAAAGGGA,549,62.58,extrapolated
GTCGAAAAGGGA,562,63.16,extrapolated
GTCGAAAAGGGA,575,63.72,extrapolated
GTCGAAAAGGGA,588,64.26,extrapolated
GTCGAAAAGGGA,601,64.78,extrapolated
GTCGAAAAGGGA,614,65.29,extrapolated
GTCGAAAAGGGA,628,65.82,extrapolated
GTCGAAAAGGGA,641,66.29,extrapolated
GTCGAAAAGGGA,654,66.75,extrapolated
GTCGAAAAGGGA,667,67.2,extrapolated
GTCGAAAAGGGA,680,67.63,extrapolated
GTCGAAAAGGGA,693,68.04,extrapolated
GTCGAAAAGGGA,706,68.45,extrapolated
GTCGAAAAGGGA,720,68.87,extrapolated
GTCGAAAAGGGA,733,69.25,extrapolated
GTCGAAAAGGGA,746,69.62,extrapolated
GTCGAAAAGGGA,759,69.97,extrapolated
GTCGAAAAGGGA,772,70.31,extrapolated
GTCGAAAAGGGA,785,70.65,extrapolated
GTCGAAAAGGGA,799,70.99,extrapolated
GTCGAAAAGGGA,812,71.31,extrapolated
GTCGAAAAGGGA,825,71.61,extrapolated
GTCGAAAAGGGA,838,71.9,extrapolated
GTCGAAAAGGGA,851,72.18,extrapolated
GTCGAAAAGGGA,864,72.46,extrapolated
GTCGAAAAGGGA,877,72.72,extrapolated
GTCGAAAAGGGA,891,73.0,extrapolated
GTCGAAAAGGGA,904,73.25,extrapolated
GTCGAAAAGGGA,917,73.49,extrapolated
GTCGAAAAGGGA,930,73.72,extrapolated
GTCGAAAAGGGA,943,73.94,extrapolated
GTCGAAAAGGGA,956,74.16,extrapolated
GTCGAAAAGGGA,970,74.39,extrapolated
CCCTGAAGGGTG,1,1.0,observed
CCCTGAAGGGTG,5,3.83,observed
CCCTGAAGGGTG,10,6.09,observed
CCCTGAAGGGTG,15,7.81,observed
CCCTGAAGGGTG,19,9.03,observed
CCCTGAAGGGTG,24,10.45,observed
CCCTGAAGGGTG,29,11.79,observed
CCCTGAAGGGTG,33,12.81,observed
CCCTGAAGGGTG,38,14.03,observed
CCCTGAAGGGTG,43,15.2,observed
CCCTGAAGGGTG,47,16.1,observed
CCCTGAAGGGTG,52,17.19,observed
CCCTGAAGGGTG,57,18.24,observed
CCCTGAAGGGTG,62,19.26,observed
CCCTGAAGGGTG,66,20.04,observed
CCCTGAAGGGTG,71,21.0,observed
CCCTGAAGGGTG,76,21.93,observed
CCCTGAAGGGTG,80,22.66,observed
CCCTGAAGGGTG,85,23.54,observed
CCCTGAAGGGTG,90,24.4,observed
CCCTGAAGGGTG,94,25.08,observed
CCCTGAAGGGTG,99,25.91,observed
CCCTGAAGGGTG,104,26.72,observed
CCCTGAAGGGTG,108,27.36,observed
CCCTGAAGGGTG,113,28.14,observed
CCCTGAAGGGTG,118,28.91,observed
CCCTGAAGGGTG,123,29.67,observed
CCCTGAAGGGTG,127,30.26,observed
CCCTGAAGGGTG,132,31.0,observed
CCCTGAAGGGTG,137,31.72,observed
CCCTGAAGGGTG,141,32.29,observed
CCCTGAAGGGTG,146,32.99,observed
CCCTGAAGGGTG,151,33.68,observed
CCCTGAAGGGTG,155,34.23,observed
CCCTGAAGGGTG,160,34.9,observed
CCCTGAAGGGTG,165,35.56,observed
CCCTGAAGGGTG,169,36.09,observed
CCCTGAAGGGTG,174,36.73,observed
CCCTGAAGGGTG,179,37.37,observed
CCCTGAAGGGTG,184,38.0,observed
CCCTGAAGGGTG,196,39.47,extrapolated
CCCTGAAGGGTG,208,40.9,extrapolated
CCCTGAAGGGTG,221,42.38,extrapolated
CCCTGAAGGGTG,233,43.71,extrapolated
CCCTGAAGGGTG,246,45.09,extrapolated
CCCTGAAGGGTG,258,46.33,extrapolated
CCCTGAAGGGTG,271,47.62,extrapolated
CCCTGAAGGGTG,283,48.77,extrapolated
CCCTGAAGGGTG,296,49.97,extrapolated
CCCTGAAGGGTG,308,51.04,extrapolated
CCCTGAAGGGTG,321,52.16,extrapolated
CCCTGAAGGGTG,333,53.16,extrapolated
CCCTGAAGGGTG,346,54.2,extrapolated
CCCTGAAGGGTG,358,55.13,extrapolated
CCCTGAAGGGTG,371,56.1,extrapolated
CCCTGAAGGGTG,383,56.96,extrapolated
CCCTGAAGGGTG,396,57.87,extrapolated
CCCTGAAGGGTG,408,58.67,extrapolated
CCCTGAAGGGTG,421,59.51,extrapolated
CCCTGAAGGGTG,433,60.26,extrapolated
CCCTGAAGGGTG,445,60.99,extrapolated
CCCTGAAGGGTG,458,61.75,extrapolated
CCCTGAAGGGTG,470,62.42,extrapolated
CCCTGAAGGGTG,483,63.13,extrapolated
CCCTGAAGGGTG,495,63.76,extrapolated
CCCTGAAGGGTG,508,64.41,extrapolated
CCCTGAAGGGTG,520,65.0,extrapolated
CCCTGAAGGGTG,533,65.61,extrapolated
CCCTGAAGGGTG,545,66.16,extrapolated
CCCTGAAGGGTG,558,66.73,extrapolated
CCCTGAAGGGTG,570,67.23,extrapolated
CCCTGAAGGGTG,583,67.76,extrapolated
CCCTGAAGGGTG,595,68.24,extrapolated
CCCTGAAGGGTG,608,68.73,extrapolated
CCCTGAAGGGTG,620,69.17,extrapolated
CCCTGAAGGGTG,633,69.63,extrapolated
CCCTGAAGGGTG,645,70.04,extrapolated
CCCTGAAGGGTG,658,70.47,extrapolated
CCCTGAAGGGTG,670,70.85,extrapolated
CCCTGAAGGGTG,682,71.22,extrapolated
CCCTGAAGGGTG,695,71.61,extrapolated
CCCTGAAGGGTG,707,71.95,extrapolated
CCCTGAAGGGTG,720,72.31,extrapolated
CCCTGAAGGGTG,732,72.63,extrapolated
CCCTGAAGGGTG,745,72.97,extrapolated
CCCTGAAGGGTG,757,73.26,extrapolated
CCCTGAAGGGTG,770,73.58,extrapolated
CCCTGAAGGGTG,782,73.85,extrapolated
CCCTGAAGGGTG,795,74.14,extrapolated
CCCTGAAGGGTG,807,74.4,extrapolated
CCCTGAAGGGTG,820,74.67,extrapolated
CCCTGAAGGGTG,832,74.91,extrapolated
CCCTGAAGGGTG,845,75.17,extrapolated
CCCTGAAGGGTG,857,75.39,extrapolated
CCCTGAAGGGTG,870,75.62,extrapolated
CCCTGAAGGGTG,882,75.83,extrapolated
CCCTGAAGGGTG,895,76.05,extrapolated
CCCTGAAGGGTG,907,76.25,extrapolated
CCCTGAAGGGTG,920,76.45,extrapolated
CAGAGAAGATAG,1,1.0,observed
CAGAGAAGATAG,4,2.72,observed
CAGAGAAGATAG,7,3.91,observed
CAGAGAAGATAG,10,4.95,observed
CAGAGAAGATAG,13,5.89,observed
CAGAGAAGATAG,16,6.76,observed
CAGAGAAGATAG,19,7.56,observed
CAGAGAAGATAG,22,8.32,observed
CAGAGAAGATAG,25,9.03,observed
CAGAGAAGATAG,28,9.71,observed
CAGAGAAGATAG,31,10.35,observed
CAGAGAAGATAG,34,10.97,observed
CAGAGAAGATAG,37,11.56,observed
CAGAGAAGATAG,41,12.31,observed
CAGAGAAGATAG,44,12.84,observed
CAGAGAAGATAG,47,13.36,observed
CAGAGAAGATAG,50,13.86,observed
CAGAGAAGATAG,53,14.35,observed
CAGAGAAGATAG,56,14.82,observed
CAGAGAAGATAG,59,15.28,observed
CAGAGAAGATAG,62,15.73,observed
CAGAGAAGATAG,65,16.16,observed
CAGAGAAGATAG,68,16.59,observed
CAGAGAAGATAG,71,17.0,observed
CAGAGAAGATAG,74,17.41,observed
CAGAGAAGATAG,77,17.81,observed
CAGAGAAGATAG,81,18.33,observed
CAGAGAAGATAG,84,18.71,observed
CAGAGAAGATAG,87,19.09,observed
CAGAGAAGATAG,90,19.46,observed
CAGAGAAGATAG,93,19.82,observed
CAGAGAAGATAG,96,20.18,observed
CAGAGAAGATAG,99,20.53,observed
CAGAGAAGATAG,102,20.88,observed
CAGAGAAGATAG,105,21.23,observed
CAGAGAAGATAG,108,21.57,observed
CAGAGAAGATAG,111,21.91,observed
CAGAGAAGATAG,114,22.24,observed
CAGAGAAGATAG,117,22.57,observed
CAGAGAAGATAG,121,23.0,observed
CAGAGAAGATAG,129,23.84,extrapolated
CAGAGAAGATAG,137,24.66,extrapolated
CAGAGAAGATAG,145,25.46,extrapolated
CAGAGAAGATAG,153,26.23,extrapolated
CAGAGAAGATAG,162,27.07,extrapolated
CAGAGAAGATAG,170,27.79,extrapolated
CAGAGAAGATAG,178,28.49,extrapolated
CAGAGAAGATAG,186,29.17,extrapolated
CAGAGAAGATAG,194,29.83,extrapolated
CAGAGAAGATAG,203,30.54,extrapolated
CAGAGAAGATAG,211,31.16,extrapolated
CAGAGAAGATAG,219,31.76,extrapolated
CAGAGAAGATAG,227,32.34,extrapolated
CAGAGAAGATAG,235,32.9,extrapolated
CAGAGAAGATAG,244,33.51,extrapolated
CAGAGAAGATAG,252,34.04,extrapolated
CAGAGAAGATAG,260,34.55,extrapolated
CAGAGAAGATAG,268,35.05,extrapolated
CAGAGAAGATAG,276,35.53,extrapolated
CAGAGAAGATAG,285,36.05,extrapolated
CAGAGAAGATAG,293,36.5,extrapolated
CAGAGAAGATAG,301,36.94,extrapolated
CAGAGAAGATAG,309,37.36,extrapolated
CAGAGAAGATAG,317,37.77,extrapolated
CAGAGAAGATAG,326,38.22,extrapolated
CAGAGAAGATAG,334,38.6,extrapolated
CAGAGAAGATAG,342,38.98,extrapolated
CAGAGAAGATAG,350,39.34,extrapolated
CAGAGAAGATAG,358,39.69,extrapolated
CAGAGAAGATAG,367,40.07,extrapolated
CAGAGAAGATAG,375,40.4,extrapolated
CAGAGAAGATAG,383,40.72,extrapolated
CAGAGAAGATAG,391,41.03,extrapolated
CAGAGAAGATAG,399,41.33,extrapolated
CAGAGAAGATAG,408,41.65,extrapolated
CAGAGAAGATAG,416,41.93,extrapolated
CAGAGAAGATAG,424,42.2,extrapolated
CAGAGAAGATAG,432,42.47,extrapolated
CAGAGAAGATAG,440,42.72,extrapolated
CAGAGAAGATAG,449,43.0,extrapolated
CAGAGAAGATAG,457,43.24,extrapolated
CAGAGAAGATAG,465,43.48,extrapolated
CAGAGAAGATAG,473,43.7,extrapolated
CAGAGAAGATAG,481,43.92,extrapolated
CAGAGAAGATAG,490,44.16,extrapolated
CAGAGAAGATAG,498,44.36,extrapolated
CAGAGAAGATAG,506,44.56,extrapolated
CAGAGAAGATAG,514,44.75,extrapolated
CAGAGAAGATAG,522,44.94,extrapolated
CAGAGAAGATAG,531,45.14,extrapolated
CAGAGAAGATAG,539,45.32,extrapolated
CAGAGAAGATAG,547,45.49,extrapolated
CAGAGAAGATAG,555,45.65,extrapolated
CAGAGAAGATAG,563,45.81,extrapolated
CAGAGAAGATAG,572,45.99,extrapolated
CAGAGAAGATAG,580,46.14,extrapolated
CAGAGAAGATAG,588,46.28,extrapolated
CAGAGAAGATAG,596,46.42,extrapolated
CAGAGAAGATAG,605,46.58,extrapolated
GCAATAATCATA,1,1.0,observed
GCAATAATCATA,6,4.53,observed
GCAATAATCATA,11,7.02,observed
GCAATAATCATA,17,9.48,observed
GCAATAATCATA,22,11.27,observed
GCAATAATCATA,27,12.91,observed
GCAATAATCATA,33,14.72,observed
GCAATAATCATA,38,16.12,observed
GCAATAATCATA,44,17.7,observed
GCAATAATCATA,49,18.95,observed
GCAATAATCATA,54,20.14,observed
GCAATAATCATA,60,21.51,observed
GCAATAATCATA,65,22.6,observed
GCAATAATCATA,71,23.86,observed
GCAATAATCATA,76,24.87,observed
GCAATAATCATA,81,25.85,observed
GCAATAATCATA,87,26.97,observed
GCAATAATCATA,92,27.88,observed
GCAATAATCATA,97,28.77,observed
GCAATAATCATA,103,29.79,observed
GCAATAATCATA,108,30.62,observed
GCAATAATCATA,114,31.59,observed
GCAATAATCATA,119,32.37,observed
GCAATAATCATA,124,33.13,observed
GCAATAATCATA,130,34.02,observed
GCAATAATCATA,135,34.74,observed
GCAATAATCATA,141,35.59,observed
GCAATAATCATA,146,36.27,observed
GCAATAATCATA,151,36.95,observed
GCAATAATCATA,157,37.73,observed
GCAATAATCATA,162,38.37,observed
GCAATAATCATA,167,39.0,observed
GCAATAATCATA,173,39.73,observed
GCAATAATCATA,178,40.33,observed
GCAATAATCATA,184,41.04,observed
GCAATAATCATA,189,41.61,observed
GCAATAATCATA,194,42.17,observed
GCAATAATCATA,200,42.83,observed
GCAATAATCATA,205,43.37,observed
GCAATAATCATA,211,44.0,observed
GCAATAATCATA,225,45.42,extrapolated
GCAATAATCATA,239,46.76,extrapolated
GCAATAATCATA,253,48.03,extrapolated
GCAATAATCATA,268,49.32,extrapolated
GCAATAATCATA,282,50.46,extrapolated
GCAATAATCATA,296,51.53,extrapolated
GCAATAATCATA,311,52.62,extrapolated
GCAATAATCATA,325,53.58,extrapolated
GCAATAATCATA,339,54.49,extrapolated
GCAATAATCATA,354,55.41,extrapolated
GCAATAATCATA,368,56.23,extrapolated
GCAATAATCATA,382,57.0,extrapolated
GCAATAATCATA,396,57.73,extrapolated
GCAATAATCATA,411,58.47,extrapolated
GCAATAATCATA,425,59.12,extrapolated
GCAATAATCATA,439,59.73,extrapolated
GCAATAATCATA,454,60.36,extrapolated
GCAATAATCATA,468,60.91,extrapolated
GCAATAATCATA,482,61.43,extrapolated
GCAATAATCATA,497,61.96,extrapolated
GCAATAATCATA,511,62.43,extrapolated
GCAATAATCATA,525,62.87,extrapolated
GCAATAATCATA,540,63.32,extrapolated
GCAATAATCATA,554,63.71,extrapolated
GCAATAATCATA,568,64.08,extrapolated
GCAATAATCATA,582,64.44,extrapolated
GCAATAATCATA,597,64.8,extrapolated
GCAATAATCATA,611,65.11,extrapolated
GCAATAATCATA,625,65.41,extrapolated
GCAATAATCATA,640,65.71,extrapolated
GCAATAATCATA,654,65.98,extrapolated
GCAATAATCATA,668,66.24,extrapolated
GCAATAATCATA,683,66.49,extrapolated
GCAATAATCATA,697,66.72,extrapolated
GCAATAATCATA,711,66.93,extrapolated
GCAATAATCATA,725,67.13,extrapolated
GCAATAATCATA,740,67.34,extrapolated
GCAATAATCATA,754,67.52,extrapolated
GCAATAATCATA,768,67.69,extrapolated
GCAATAATCATA,783,67.87,extrapolated
GCAATAATCATA,797,68.02,extrapolated
GCAATAATCATA,811,68.17,extrapolated
GCAATAATCATA,826,68.31,extrapolated
GCAATAATCATA,840,68.44,extrapolated
GCAATAATCATA,854,68.57,extrapolated
GCAATAATCATA,869,68.69,extrapolated
GCAATAATCATA,883,68.8,extrapolated
GCAATAATCATA,897,68.9,extrapolated
GCAATAATCATA,911,69.0,extrapolated
GCAATAATCATA,926,69.1,extrapolated
GCAATAATCATA,940,69.19,extrapolated
GCAATAATCATA,954,69.27,extrapolated
GCAATAATCATA,969,69.36,extrapolated
GCAATAATCATA,983,69.43,extrapolated
GCAATAATCATA,997,69.5,extrapolated
GCAATAATCATA,1012,69.57,extrapolated
GCAATAATCATA,1026,69.64,extrapolated
GCAATAATCATA,1040,69.7,extrapolated
GCAATAATCATA,1055,69.76,extrapolated
TTACGAAGTCTC,1,1.0,observed
TTACGAAGTCTC,4,3.49,observed
TTACGAAGTCTC,7,5.47,observed
TTACGAAGTCTC,11,7.61,observed
TTACGAAGTCTC,14,8.98,observed
TTACGAAGTCTC,18,10.61,observed
TTACGAAGTCTC,21,11.72,observed
TTACGAAGTCTC,24,12.76,observed
TTACGAAGTCTC,28,14.07,observed
TTACGAAGTCTC,31,15.0,observed
TTACGAAGTCTC,35,16.19,observed
TTACGAAGTCTC,38,17.04,observed
TTACGAAGTCTC,41,17.87,observed
TTACGAAGTCTC,45,18.93,observed
TTACGAAGTCTC,48,19.7,observed
TTACGAAGTCTC,52,20.7,observed
TTACGAAGTCTC,55,21.43,observed
TTACGAAGTCTC,58,22.14,observed
TTACGAAGTCTC,62,23.06,observed
TTACGAAGTCTC,65,23.74,observed
TTACGAAGTCTC,69,24.61,observed
TTACGAAGTCTC,72,25.25,observed
TTACGAAGTCTC,76,26.09,observed
TTACGAAGTCTC,79,26.7,observed
TTACGAAGTCTC,82,27.29,observed
TTACGAAGTCTC,86,28.07,observed
TTACGAAGTCTC,89,28.64,observed
TTACGAAGTCTC,93,29.39,observed
TTACGAAGTCTC,96,29.93,observed
TTACGAAGTCTC,99,30.46,observed
TTACGAAGTCTC,103,31.16,observed
TTACGAAGTCTC,106,31.67,observed
TTACGAAGTCTC,110,32.34,observed
TTACGAAGTCTC,113,32.83,observed
TTACGAAGTCTC,116,33.31,observed
TTACGAAGTCTC,120,33.93,observed
TTACGAAGTCTC,123,34.39,observed
TTACGAAGTCTC,127,34.99,observed
TTACGAAGTCTC,130,35.43,observed
TTACGAAGTCTC,134,36.0,observed
TTACGAAGTCTC,143,37.24,extrapolated
TTACGAAGTCTC,152,38.4,extrapolated
TTACGAAGTCTC,161,39.51,extrapolated
TTACGAAGTCTC,170,40.55,extrapolated
TTACGAAGTCTC,179,41.54,extrapolated
TTACGAAGTCTC,188,42.47,extrapolated
TTACGAAGTCTC,197,43.35,extrapolated
TTACGAAGTCTC,206,44.18,extrapolated
TTACGAAGTCTC,215,44.96,extrapolated
TTACGAAGTCTC,224,45.7,extrapolated
TTACGAAGTCTC,233,46.41,extrapolated
TTACGAAGTCTC,243,47.14,extrapolated
TTACGAAGTCTC,252,47.76,extrapolated
TTACGAAGTCTC,261,48.35,extrapolated
TTACGAAGTCTC,270,48.9,extrapolated
TTACGAAGTCTC,279,49.43,extrapolated
TTACGAAGTCTC,288,49.92,extrapolated
TTACGAAGTCTC,297,50.39,extrapolated
TTACGAAGTCTC,306,50.83,extrapolated
TTACGAAGTCTC,315,51.25,extrapolated
TTACGAAGTCTC,324,51.64,extrapolated
TTACGAAGTCTC,333,52.02,extrapolated
TTACGAAGTCTC,342,52.37,extrapolated
TTACGAAGTCTC,352,52.74,extrapolated
TTACGAAGTCTC,361,53.05,extrapolated
TTACGAAGTCTC,370,53.34,extrapolated
TTACGAAGTCTC,379,53.62,extrapolated
TTACGAAGTCTC,388,53.89,extrapolated
TTACGAAGTCTC,397,54.14,extrapolated
TTACGAAGTCTC,406,54.37,extrapolated
TTACGAAGTCTC,415,54.59,extrapolated
TTACGAAGTCTC,424,54.8,extrapolated
TTACGAAGTCTC,433,55.0,extrapolated
TTACGAAGTCTC,442,55.19,extrapolated
TTACGAAGTCTC,451,55.37,extrapolated
TTACGAAGTCTC,461,55.55,extrapolated
TTACGAAGTCTC,470,55.71,extrapolated
TTACGAAGTCTC,479,55.86,extrapolated
TTACGAAGTCTC,488,56.0,extrapolated
TTACGAAGTCTC,497,56.13,extrapolated
TTACGAAGTCTC,506,56.25,extrapolated
TTACGAAGTCTC,515,56.37,extrapolated
TTACGAAGTCTC,524,56.48,extrapolated
TTACGAAGTCTC,533,56.59,extrapolated
TTACGAAGTCTC,542,56.69,extrapolated
TTACGAAGTCTC,551,56.78,extrapolated
TTACGAAGTCTC,560,56.87,extrapolated
TTACGAAGTCTC,570,56.97,extrapolated
TTACGAAGTCTC,579,57.04,extrapolated
TTACGAAGTCTC,588,57.12,extrapolated
TTACGAAGTCTC,597,57.19,extrapolated
TTACGAAGTCTC,606,57.26,extrapolated
TTACGAAGTCTC,615,57.32,extrapolated
TTACGAAGTCTC,624,57.38,extrapolated
TTACGAAGTCTC,633,57.43,extrapolated
TTACGAAGTCTC,642,57.49,extrapolated
TTACGAAGTCTC,651,57.54,extrapolated
TTACGAAGTCTC,660,57.58,extrapolated
TTACGAAGTCTC,670,57.63,extrapolated
TGGGAAAGGAGT,1,1.0,observed
TGGGAAAGGAGT,5,3.15,observed
TGGGAAAGGAGT,10,5.09,observed
TGGGAAAGGAGT,14,6.48,observed
TGGGAAAGGAGT,19,8.06,observed
TGGGAAAGGAGT,23,9.21,observed
TGGGAAAGGAGT,28,10.53,observed
TGGGAAAGGAGT,33,11.75,observed
TGGGAAAGGAGT,37,12.66,observed
TGGGAAAGGAGT,42,13.71,observed
TGGGAAAGGAGT,46,14.51,observed
TGGGAAAGGAGT,51,15.45,observed
TGGGAAAGGAGT,56,16.34,observed
TGGGAAAGGAGT,60,17.01,observed
TGGGAAAGGAGT,65,17.82,observed
TGGGAAAGGAGT,69,18.44,observed
TGGGAAAGGAGT,74,19.19,observed
TGGGAAAGGAGT,79,19.91,observed
TGGGAAAGGAGT,83,20.47,observed
TGGGAAAGGAGT,88,21.14,observed
TGGGAAAGGAGT,92,21.67,observed
TGGGAAAGGAGT,97,22.3,observed
TGGGAAAGGAGT,101,22.8,observed
TGGGAAAGGAGT,106,23.41,observed
TGGGAAAGGAGT,111,24.0,observed
TGGGAAAGGAGT,115,24.46,observed
TGGGAAAGGAGT,120,25.03,observed
TGGGAAAGGAGT,124,25.48,observed
TGGGAAAGGAGT,129,26.02,observed
TGGGAAAGGAGT,134,26.55,observed
TGGGAAAGGAGT,138,26.97,observed
TGGGAAAGGAGT,143,27.49,observed
TGGGAAAGGAGT,147,27.89,observed
TGGGAAAGGAGT,152,28.39,observed
TGGGAAAGGAGT,157,28.87,observed
TGGGAAAGGAGT,161,29.26,observed
TGGGAAAGGAGT,166,29.73,observed
TGGGAAAGGAGT,170,30.1,observed
TGGGAAAGGAGT,175,30.55,observed
TGGGAAAGGAGT,180,31.0,observed
TGGGAAAGGAGT,192,32.04,extrapolated
TGGGAAAGGAGT,204,33.04,extrapolated
TGGGAAAGGAGT,216,34.0,extrapolated
TGGGAAAGGAGT,228,34.92,extrapolated
TGGGAAAGGAGT,241,35.88,extrapolated
TGGGAAAGGAGT,253,36.72,extrapolated
TGGGAAAGGAGT,265,37.53,extrapolated
TGGGAAAGGAGT,277,38.3,extrapolated
TGGGAAAGGAGT,289,39.05,extrapolated
TGGGAAAGGAGT,302,39.82,extrapolated
TGGGAAAGGAGT,314,40.5,extrapolated
TGGGAAAGGAGT,326,41.15,extrapolated
TGGGAAAGGAGT,338,41.78,extrapolated
TGGGAAAGGAGT,350,42.38,extrapolated
TGGGAAAGGAGT,363,43.01,extrapolated
TGGGAAAGGAGT,375,43.56,extrapolated
TGGGAAAGGAGT,387,44.08,extrapolated
TGGGAAAGGAGT,399,44.59,extrapolated
TGGGAAAGGAGT,411,45.08,extrapolated
TGGGAAAGGAGT,424,45.58,extrapolated
TGGGAAAGGAGT,436,46.03,extrapolated
TGGGAAAGGAGT,448,46.45,extrapolated
TGGGAAAGGAGT,460,46.86,extrapolated
TGGGAAAGGAGT,472,47.26,extrapolated
TGGGAAAGGAGT,485,47.66,extrapolated
TGGGAAAGGAGT,497,48.03,extrapolated
TGGGAAAGGAGT,509,48.37,extrapolated
TGGGAAAGGAGT,521,48.7,extrapolated
TGGGAAAGGAGT,533,49.02,extrapolated
TGGGAAAGGAGT,546,49.35,extrapolated
TGGGAAAGGAGT,558,49.64,extrapolated
TGGGAAAGGAGT,570,49.92,extrapolated
TGGGAAAGGAGT,582,50.19,extrapolated
TGGGAAAGGAGT,594,50.44,extrapolated
TGGGAAAGGAGT,607,50.71,extrapolated
TGGGAAAGGAGT,619,50.95,extrapolated
TGGGAAAGGAGT,631,51.17,extrapolated
TGGGAAAGGAGT,643,51.39,extrapolated
TGGGAAAGGAGT,655,51.6,extrapolated
TGGGAAAGGAGT,668,51.81,extrapolated
TGGGAAAGGAGT,680,52.0,extrapolated
TGGGAAAGGAGT,692,52.18,extrapolated
TGGGAAAGGAGT,704,52.36,extrapolated
TGGGAAAGGAGT,716,52.53,extrapolated
TGGGAAAGGAGT,729,52.7,extrapolated
TGGGAAAGGAGT,741,52.86,extrapolated
TGGGAAAGGAGT,753,53.0,extrapolated
TGGGAAAGGAGT,765,53.14,extrapolated
TGGGAAAGGAGT,777,53.28,extrapolated
TGGGAAAGGAGT,790,53.42,extrapolated
TGGGAAAGGAGT,802,53.55,extrapolated
TGGGAAAGGAGT,814,53.66,extrapolated
TGGGAAAGGAGT,826,53.78,extrapolated
TGGGAAAGGAGT,838,53.89,extrapolated
TGGGAAAGGAGT,851,54.0,extrapolated
TGGGAAAGGAGT,863,54.1,extrapolated
TGGGAAAGGAGT,875,54.2,extrapolated
TGGGAAAGGAGT,887,54.29,extrapolated
TGGGAAAGGAGT,900,54.39,extrapolated
CCACCAAGTTAC,1,1.0,observed
CCACCAAGTTAC,4,3.21,observed
CCACCAAGTTAC,8,5.42,observed
CCACCAAGTTAC,12,7.31,observed
CCACCAAGTTAC,16,9.0,observed
CCACCAAGTTAC,19,10.16,observed
CCACCAAGTTAC,23,11.59,observed
CCACCAAGTTAC,27,12.89,observed
CCACCAAGTTAC,31,14.09,observed
CCACCAAGTTAC,35,15.2,observed
CCACCAAGTTAC,38,15.97,observed
CCACCAAGTTAC,42,16.95,observed
CCACCAAGTTAC,46,17.86,observed
CCACCAAGTTAC,50,18.72,observed
CCACCAAGTTAC,54,19.53,observed
CCACCAAGTTAC,57,20.12,observed
CCACCAAGTTAC,61,20.86,observed
CCACCAAGTTAC,65,21.58,observed
CCACCAAGTTAC,69,22.26,observed
CCACCAAGTTAC,73,22.93,observed
CCACCAAGTTAC,76,23.41,observed
CCACCAAGTTAC,80,24.03,observed
CCACCAAGTTAC,84,24.64,observed
CCACCAAGTTAC,88,25.23,observed
CCACCAAGTTAC,92,25.81,observed
CCACCAAGTTAC,95,26.23,observed
CCACCAAGTTAC,99,26.78,observed
CCACCAAGTTAC,103,27.33,observed
CCACCAAGTTAC,107,27.86,observed
CCACCAAGTTAC,111,28.39,observed
CCACCAAGTTAC,114,28.77,observed
CCACCAAGTTAC,118,29.28,observed
CCACCAAGTTAC,122,29.79,observed
CCACCAAGTTAC,126,30.28,observed
CCACCAAGTTAC,130,30.77,observed
CCACCAAGTTAC,133,31.13,observed
CCACCAAGTTAC,137,31.61,observed
CCACCAAGTTAC,141,32.08,observed
CCACCAAGTTAC,145,32.54,observed
CCACCAAGTTAC,149,33.0,observed
CCACCAAGTTAC,159,34.12,extrapolated
CCACCAAGTTAC,169,35.21,extrapolated
CCACCAAGTTAC,179,36.26,extrapolated
CCACCAAGTTAC,189,37.28,extrapolated
CCACCAAGTTAC,199,38.27,extrapolated
CCACCAAGTTAC,209,39.22,extrapolated
CCACCAAGTTAC,219,40.15,extrapolated
CCACCAAGTTAC,229,41.05,extrapolated
CCACCAAGTTAC,239,41.92,extrapolated
CCACCAAGTTAC,250,42.84,extrapolated
CCACCAAGTTAC,260,43.66,extrapolated
CCACCAAGTTAC,270,44.44,extrapolated
CCACCAAGTTAC,280,45.21,extrapolated
CCACCAAGTTAC,290,45.95,extrapolated
CCACCAAGTTAC,300,46.66,extrapolated
CCACCAAGTTAC,310,47.36,extrapolated
CCACCAAGTTAC,320,48.03,extrapolated
CCACCAAGTTAC,330,48.68,extrapolated
CCACCAAGTTAC,340,49.31,extrapolated
CCACCAAGTTAC,351,49.99,extrapolated
CCACCAAGTTAC,361,50.58,extrapolated
CCACCAAGTTAC,371,51.15,extrapolated
CCACCAAGTTAC,381,51.7,extrapolated
CCACCAAGTTAC,391,52.24,extrapolated
CCACCAAGTTAC,401,52.76,extrapolated
CCACCAAGTTAC,411,53.26,extrapolated
CCACCAAGTTAC,421,53.75,extrapolated
CCACCAAGTTAC,431,54.22,extrapolated
CCACCAAGTTAC,441,54.68,extrapolated
CCACCAAGTTAC,452,55.17,extrapolated
CCACCAAGTTAC,462,55.6,extrapolated
CCACCAAGTTAC,472,56.01,extrapolated
CCACCAAGTTAC,482,56.42,extrapolated
CCACCAAGTTAC,492,56.8,extrapolated
CCACCAAGTTAC,502,57.18,extrapolated
CCACCAAGTTAC,512,57.55,extrapolated
CCACCAAGTTAC,522,57.9,extrapolated
CCACCAAGTTAC,532,58.25,extrapolated
CCACCAAGTTAC,542,58.58,extrapolated
CCACCAAGTTAC,553,58.93,extrapolated
CCACCAAGTTAC,563,59.24,extrapolated
CCACCAAGTTAC,573,59.54,extrapolated
CCACCAAGTTAC,583,59.84,extrapolated
CCACCAAGTTAC,593,60.12,extrapolated
CCACCAAGTTAC,603,60.39,extrapolated
CCACCAAGTTAC,613,60.66,extrapolated
CCACCAAGTTAC,623,60.91,extrapolated
CCACCAAGTTAC,633,61.16,extrapolated
CCACCAAGTTAC,643,61.4,extrapolated
CCACCAAGTTAC,654,61.66,extrapolated
CCACCAAGTTAC,664,61.89,extrapolated
CCACCAAGTTAC,674,62.11,extrapolated
CCACCAAGTTAC,684,62.32,extrapolated
CCACCAAGTTAC,694,62.52,extrapolated
CCACCAAGTTAC,704,62.72,extrapolated
CCACCAAGTTAC,714,62.91,extrapolated
CCACCAAGTTAC,724,63.1,extrapolated
CCACCAAGTTAC,734,63.28,extrapolated
CCACCAAGTTAC,745,63.47,extrapolated
GGGCAAAGGCTA,1,1.0,observed
GGGCAAAGGCTA,3,2.46,observed
GGGCAAAGGCTA,5,3.55,observed
GGGCAAAGGCTA,7,4.45,observed
GGGCAAAGGCTA,10,5.64,observed
GGGCAAAGGCTA,12,6.35,observed
GGGCAAAGGCTA,14,7.03,observed
GGGCAAAGGCTA,16,7.68,observed
GGGCAAAGGCTA,19,8.6,observed
GGGCAAAGGCTA,21,9.19,observed
GGGCAAAGGCTA,23,9.77,observed
GGGCAAAGGCTA,26,10.61,observed
GGGCAAAGGCTA,28,11.15,observed
GGGCAAAGGCTA,30,11.69,observed
GGGCAAAGGCTA,32,12.21,observed
GGGCAAAGGCTA,35,12.99,observed
GGGCAAAGGCTA,37,13.49,observed
GGGCAAAGGCTA,39,13.99,observed
GGGCAAAGGCTA,42,14.73,observed
GGGCAAAGGCTA,44,15.21,observed
GGGCAAAGGCTA,46,15.69,observed
GGGCAAAGGCTA,48,16.16,observed
GGGCAAAGGCTA,51,16.86,observed
GGGCAAAGGCTA,53,17.32,observed
GGGCAAAGGCTA,55,17.77,observed
GGGCAAAGGCTA,58,18.45,observed
GGGCAAAGGCTA,60,18.89,observed
GGGCAAAGGCTA,62,19.33,observed
GGGCAAAGGCTA,64,19.76,observed
GGGCAAAGGCTA,67,20.4,observed
GGGCAAAGGCTA,69,20.82,observed
GGGCAAAGGCTA,71,21.24,observed
GGGCAAAGGCTA,74,21.86,observed
GGGCAAAGGCTA,76,22.26,observed
GGGCAAAGGCTA,78,22.67,observed
GGGCAAAGGCTA,80,23.07,observed
GGGCAAAGGCTA,83,23.66,observed
GGGCAAAGGCTA,85,24.05,observed
GGGCAAAGGCTA,87,24.43,observed
GGGCAAAGGCTA,90,25.0,observed
GGGCAAAGGCTA,96,26.11,extrapolated
GGGCAAAGGCTA,102,27.19,extrapolated
GGGCAAAGGCTA,108,28.24,extrapolated
GGGCAAAGGCTA,114,29.25,extrapolated
GGGCAAAGGCTA,120,30.23,extrapolated
GGGCAAAGGCTA,126,31.18,extrapolated
GGGCAAAGGCTA,132,32.1,extrapolated
GGGCAAAGGCTA,138,32.99,extrapolated
GGGCAAAGGCTA,144,33.85,extrapolated
GGGCAAAGGCTA,151,34.83,extrapolated
GGGCAAAGGCTA,157,35.63,extrapolated
GGGCAAAGGCTA,163,36.41,extrapolated
GGGCAAAGGCTA,169,37.17,extrapolated
GGGCAAAGGCTA,175,37.91,extrapolated
GGGCAAAGGCTA,181,38.62,extrapolated
GGGCAAAGGCTA,187,39.3,extrapolated
GGGCAAAGGCTA,193,39.97,extrapolated
GGGCAAAGGCTA,199,40.62,extrapolated
GGGCAAAGGCTA,205,41.24,extrapolated
GGGCAAAGGCTA,212,41.95,extrapolated
GGGCAAAGGCTA,218,42.54,extrapolated
GGGCAAAGGCTA,224,43.1,extrapolated
GGGCAAAGGCTA,230,43.65,extrapolated
GGGCAAAGGCTA,236,44.18,extrapolated
GGGCAAAGGCTA,242,44.7,extrapolated
GGGCAAAGGCTA,248,45.2,extrapolated
GGGCAAAGGCTA,254,45.68,extrapolated
GGGCAAAGGCTA,260,46.15,extrapolated
GGGCAAAGGCTA,266,46.6,extrapolated
GGGCAAAGGCTA,273,47.11,extrapolated
GGGCAAAGGCTA,279,47.54,extrapolated
GGGCAAAGGCTA,285,47.95,extrapolated
GGGCAAAGGCTA,291,48.35,extrapolated
GGGCAAAGGCTA,297,48.73,extrapolated
GGGCAAAGGCTA,303,49.11,extrapolated
GGGCAAAGGCTA,309,49.47,extrapolated
GGGCAAAGGCTA,315,49.82,extrapolated
GGGCAAAGGCTA,321,50.16,extrapolated
GGGCAAAGGCTA,327,50.49,extrapolated
GGGCAAAGGCTA,334,50.86,extrapolated
GGGCAAAGGCTA,340,51.17,extrapolated
GGGCAAAGGCTA,346,51.46,extrapolated
GGGCAAAGGCTA,352,51.75,extrapolated
GGGCAAAGGCTA,358,52.03,extrapolated
GGGCAAAGGCTA,364,52.3,extrapolated
GGGCAAAGGCTA,370,52.56,extrapolated
GGGCAAAGGCTA,376,52.82,extrapolated
GGGCAAAGGCTA,382,53.06,extrapolated
GGGCAAAGGCTA,388,53.3,extrapolated
GGGCAAAGGCTA,395,53.57,extrapolated
GGGCAAAGGCTA,401,53.79,extrapolated
GGGCAAAGGCTA,407,54.01,extrapolated
GGGCAAAGGCTA,413,54.22,extrapolated
GGGCAAAGGCTA,419,54.42,extrapolated
GGGCAAAGGCTA,425,54.62,extrapolated
GGGCAAAGGCTA,431,54.81,extrapolated
GGGCAAAGGCTA,437,54.99,extrapolated
GGGCAAAGGCTA,443,55.17,extrapolated
GGGCAAAGGCTA,450,55.37,extrapolated
