embryo,tapebc,reads,copies,cells
embryo 3,ATATCAAATTGA,474320,1,335
embryo 3,AATAGAAAACGA,454331,1,366
embryo 3,GTGTAAATCGGC,438835,1,325
embryo 3,CGGGGAATTGTA,426876,1,300
embryo 3,CATATAATCGCA,424605,1,289
embryo 3,TGACTAAAGCGG,411250,1,280
embryo 3,TCCGGAAGACCC,399694,1,253
embryo 3,CGGCGAAAAGGT,357341,1,213
embryo 3,TGGGGAACATAT,322265,1,252
embryo 3,CAGCTAACGCCT,317799,1,243
embryo 3,TAACGAATGCCG,309092,1,179
embryo 2,CGAAGAAAAGTG,1491273,8,140
embryo 2,TAGGAAAAGTGG,1146187,6,80
embryo 2,TGGCGAAAAAAC,1145394,6,153
embryo 2,TTGGTAACCCCA,358469,2,56
embryo 2,GTCCCAATTTTT,225062,1,192
embryo 2,TGGTGAAAGTAA,205992,1,169
embryo 2,CTATGAAGCCTG,202525,1,182
embryo 2,GGGGCAAGGGGA,196312,1,152
embryo 2,CACTTAAGGTTG,188687,1,126
embryo 2,GTCGAAAAGGGA,187825,1,194
embryo 2,CCCTGAAGGGTG,187369,1,184
embryo 2,CAGAGAAGATAG,176703,1,121
embryo 2,GCAATAATCATA,173078,1,211
embryo 2,TTACGAAGTCTC,170514,1,134
embryo 2,TGGGAAAGGAGT,161862,1,180
embryo 2,CCACCAAGTTAC,151445,1,149
embryo 2,GGGCAAAGGCTA,121375,1,90
embryo 6,GTACAAAGGACC,6059560,1,234571
embryo 6,GGTATAAATAGT,5356434,1,563763
embryo 6,GTTCGAAGATTG,5209515,1,202070
embryo 6,GACAGAATGGTT,5112232,1,309862
embryo 6,ATATGAAATGTT,4580755,1,243701
