embryo,tapebc,site,edit_rate
embryo 3,CGGGGAATTGTA,1,0.9982
embryo 3,CGGGGAATTGTA,2,0.9940
embryo 3,CGGGGAATTGTA,3,0.9329
embryo 3,CGGGGAATTGTA,4,0.7965
embryo 3,CGGGGAATTGTA,5,0.6075
embryo 3,CGGGGAATTGTA,6,0.5081
embryo 3,TCCGGAAGACCC,1,0.9969
embryo 3,TCCGGAAGACCC,2,0.9237
embryo 3,TCCGGAAGACCC,3,0.7873
embryo 3,TCCGGAAGACCC,4,0.6653
embryo 3,TCCGGAAGACCC,5,0.6035
embryo 3,TCCGGAAGACCC,6,0.5827
embryo 3,GTGTAAATCGGC,1,0.9958
embryo 3,GTGTAAATCGGC,2,0.9488
embryo 3,GTGTAAATCGGC,3,0.8158
embryo 3,GTGTAAATCGGC,4,0.6732
embryo 3,GTGTAAATCGGC,5,0.4963
embryo 3,GTGTAAATCGGC,6,0.3951
embryo 3,TGACTAAAGCGG,1,0.9544
embryo 3,TGACTAAAGCGG,2,0.7643
embryo 3,TGACTAAAGCGG,3,0.6835
embryo 3,TGACTAAAGCGG,4,0.5877
embryo 3,TGACTAAAGCGG,5,0.5186
embryo 3,TGACTAAAGCGG,6,0.4600
embryo 3,TAACGAATGCCG,1,0.9988
embryo 3,TAACGAATGCCG,2,0.9940
embryo 3,TAACGAATGCCG,3,0.9695
embryo 3,TAACGAATGCCG,4,0.8856
embryo 3,TAACGAATGCCG,5,0.7778
embryo 3,TAACGAATGCCG,6,0.7390
embryo 3,TGGGGAACATAT,1,0.9984
embryo 3,TGGGGAACATAT,2,0.9944
embryo 3,TGGGGAACATAT,3,0.9210
embryo 3,TGGGGAACATAT,4,0.8015
embryo 3,TGGGGAACATAT,5,0.7168
embryo 3,TGGGGAACATAT,6,0.6271
embryo 3,ATATCAAATTGA,1,0.9982
embryo 3,ATATCAAATTGA,2,0.9949
embryo 3,ATATCAAATTGA,3,0.9587
embryo 3,ATATCAAATTGA,4,0.8654
embryo 3,ATATCAAATTGA,5,0.8047
embryo 3,ATATCAAATTGA,6,0.7705
embryo 3,CATATAATCGCA,1,0.9973
embryo 3,CATATAATCGCA,2,0.9461
embryo 3,CATATAATCGCA,3,0.8513
embryo 3,CATATAATCGCA,4,0.7233
embryo 3,CATATAATCGCA,5,0.6789
embryo 3,CATATAATCGCA,6,0.6688
embryo 3,AATAGAAAACGA,1,0.9950
embryo 3,AATAGAAAACGA,2,0.9385
embryo 3,AATAGAAAACGA,3,0.7749
embryo 3,AATAGAAAACGA,4,0.5163
embryo 3,AATAGAAAACGA,5,0.3440
embryo 3,AATAGAAAACGA,6,0.2574
embryo 3,CGGCGAAAAGGT,1,0.9976
embryo 3,CGGCGAAAAGGT,2,0.9560
embryo 3,CGGCGAAAAGGT,3,0.8903
embryo 3,CGGCGAAAAGGT,4,0.8016
embryo 3,CGGCGAAAAGGT,5,0.7264
embryo 3,CGGCGAAAAGGT,6,0.6604
embryo 3,CAGCTAACGCCT,1,0.9852
embryo 3,CAGCTAACGCCT,2,0.9283
embryo 3,CAGCTAACGCCT,3,0.8164
embryo 3,CAGCTAACGCCT,4,0.6258
embryo 3,CAGCTAACGCCT,5,0.4919
embryo 3,CAGCTAACGCCT,6,0.4293
embryo 2,CGAAGAAAAGTG,1,0.5091
embryo 2,CGAAGAAAAGTG,2,0.2165
embryo 2,CGAAGAAAAGTG,3,0.0637
embryo 2,CGAAGAAAAGTG,4,0.0175
embryo 2,CGAAGAAAAGTG,5,0.0094
embryo 2,CGAAGAAAAGTG,6,0.0078
embryo 2,TGGCGAAAAAAC,1,0.7252
embryo 2,TGGCGAAAAAAC,2,0.3510
embryo 2,TGGCGAAAAAAC,3,0.1394
embryo 2,TGGCGAAAAAAC,4,0.0466
embryo 2,TGGCGAAAAAAC,5,0.0276
embryo 2,TGGCGAAAAAAC,6,0.0195
embryo 2,TAGGAAAAGTGG,1,0.5341
embryo 2,TAGGAAAAGTGG,2,0.1974
embryo 2,TAGGAAAAGTGG,3,0.0489
embryo 2,TAGGAAAAGTGG,4,0.0174
embryo 2,TAGGAAAAGTGG,5,0.0111
embryo 2,TAGGAAAAGTGG,6,0.0112
embryo 2,TTGGTAACCCCA,1,0.0305
embryo 2,TTGGTAACCCCA,2,0.0055
embryo 2,TTGGTAACCCCA,3,0.0005
embryo 2,TTGGTAACCCCA,4,0.0003
embryo 2,TTGGTAACCCCA,5,0.0003
embryo 2,TTGGTAACCCCA,6,0.0003
embryo 2,TTACGAAGTCTC,1,0.9975
embryo 2,TTACGAAGTCTC,2,0.9939
embryo 2,TTACGAAGTCTC,3,0.9842
embryo 2,TTACGAAGTCTC,4,0.7813
embryo 2,TTACGAAGTCTC,5,0.5722
embryo 2,TTACGAAGTCTC,6,0.4973
embryo 2,CCCTGAAGGGTG,1,0.9965
embryo 2,CCCTGAAGGGTG,2,0.9865
embryo 2,CCCTGAAGGGTG,3,0.7439
embryo 2,CCCTGAAGGGTG,4,0.2984
embryo 2,CCCTGAAGGGTG,5,0.1399
embryo 2,CCCTGAAGGGTG,6,0.0870
embryo 2,CTATGAAGCCTG,1,0.9962
embryo 2,CTATGAAGCCTG,2,0.9806
embryo 2,CTATGAAGCCTG,3,0.5654
embryo 2,CTATGAAGCCTG,4,0.1835
embryo 2,CTATGAAGCCTG,5,0.0465
embryo 2,CTATGAAGCCTG,6,0.0265
embryo 2,GTCCCAATTTTT,1,0.5071
embryo 2,GTCCCAATTTTT,2,0.2135
embryo 2,GTCCCAATTTTT,3,0.0454
embryo 2,GTCCCAATTTTT,4,0.0062
embryo 2,GTCCCAATTTTT,5,0.0006
embryo 2,GTCCCAATTTTT,6,0.0007
embryo 2,GTCGAAAAGGGA,1,0.9841
embryo 2,GTCGAAAAGGGA,2,0.5959
embryo 2,GTCGAAAAGGGA,3,0.1827
embryo 2,GTCGAAAAGGGA,4,0.0411
embryo 2,GTCGAAAAGGGA,5,0.0200
embryo 2,GTCGAAAAGGGA,6,0.0144
embryo 2,TGGTGAAAGTAA,1,0.5346
embryo 2,TGGTGAAAGTAA,2,0.2563
embryo 2,TGGTGAAAGTAA,3,0.0577
embryo 2,TGGTGAAAGTAA,4,0.0168
embryo 2,TGGTGAAAGTAA,5,0.0058
embryo 2,TGGTGAAAGTAA,6,0.0029
embryo 2,GGGGCAAGGGGA,1,0.5473
embryo 2,GGGGCAAGGGGA,2,0.2584
embryo 2,GGGGCAAGGGGA,3,0.0729
embryo 2,GGGGCAAGGGGA,4,0.0396
embryo 2,GGGGCAAGGGGA,5,0.0094
embryo 2,GGGGCAAGGGGA,6,0.0011
embryo 2,CACTTAAGGTTG,1,0.7081
embryo 2,CACTTAAGGTTG,2,0.2896
embryo 2,CACTTAAGGTTG,3,0.1260
embryo 2,CACTTAAGGTTG,4,0.0216
embryo 2,CACTTAAGGTTG,5,0.0090
embryo 2,CACTTAAGGTTG,6,0.0044
embryo 2,CAGAGAAGATAG,1,0.9708
embryo 2,CAGAGAAGATAG,2,0.4702
embryo 2,CAGAGAAGATAG,3,0.1886
embryo 2,CAGAGAAGATAG,4,0.0293
embryo 2,CAGAGAAGATAG,5,0.0105
embryo 2,CAGAGAAGATAG,6,0.0026
embryo 2,GCAATAATCATA,1,0.7125
embryo 2,GCAATAATCATA,2,0.3095
embryo 2,GCAATAATCATA,3,0.1044
embryo 2,GCAATAATCATA,4,0.0552
embryo 2,GCAATAATCATA,5,0.0462
embryo 2,GCAATAATCATA,6,0.0308
embryo 2,TGGGAAAGGAGT,1,0.4907
embryo 2,TGGGAAAGGAGT,2,0.2183
embryo 2,TGGGAAAGGAGT,3,0.0538
embryo 2,TGGGAAAGGAGT,4,0.0021
embryo 2,TGGGAAAGGAGT,5,0.0011
embryo 2,TGGGAAAGGAGT,6,0.0008
embryo 2,CCACCAAGTTAC,1,0.6548
embryo 2,CCACCAAGTTAC,2,0.2919
embryo 2,CCACCAAGTTAC,3,0.1098
embryo 2,CCACCAAGTTAC,4,0.0321
embryo 2,CCACCAAGTTAC,5,0.0199
embryo 2,CCACCAAGTTAC,6,0.0143
embryo 2,GGGCAAAGGCTA,1,0.9855
embryo 2,GGGCAAAGGCTA,2,0.6013
embryo 2,GGGCAAAGGCTA,3,0.2583
embryo 2,GGGCAAAGGCTA,4,0.1121
embryo 2,GGGCAAAGGCTA,5,0.0684
embryo 2,GGGCAAAGGCTA,6,0.0675
embryo 6,GTACAAAGGACC,1,0.0000
embryo 6,GTACAAAGGACC,2,0.0000
embryo 6,GTACAAAGGACC,3,0.0000
embryo 6,GTACAAAGGACC,4,0.0000
embryo 6,GTACAAAGGACC,5,0.0000
embryo 6,GTACAAAGGACC,6,0.0000
embryo 6,GGTATAAATAGT,1,0.0000
embryo 6,GGTATAAATAGT,2,0.0000
embryo 6,GGTATAAATAGT,3,0.0000
embryo 6,GGTATAAATAGT,4,0.0000
embryo 6,GGTATAAATAGT,5,0.0000
embryo 6,GGTATAAATAGT,6,0.0000
embryo 6,GTTCGAAGATTG,1,0.0068
embryo 6,GTTCGAAGATTG,2,0.0001
embryo 6,GTTCGAAGATTG,3,0.0000
embryo 6,GTTCGAAGATTG,4,0.0000
embryo 6,GTTCGAAGATTG,5,0.0000
embryo 6,GTTCGAAGATTG,6,0.0000
embryo 6,GACAGAATGGTT,1,0.0000
embryo 6,GACAGAATGGTT,2,0.0000
embryo 6,GACAGAATGGTT,3,0.0000
embryo 6,GACAGAATGGTT,4,0.0000
embryo 6,GACAGAATGGTT,5,0.0000
embryo 6,GACAGAATGGTT,6,0.0000
embryo 6,ATATGAAATGTT,1,0.0000
embryo 6,ATATGAAATGTT,2,0.0000
embryo 6,ATATGAAATGTT,3,0.0000
embryo 6,ATATGAAATGTT,4,0.0000
embryo 6,ATATGAAATGTT,5,0.0000
embryo 6,ATATGAAATGTT,6,0.0000
