nnn	len	in_vocab	bcpos_peak
ACT	3	1	594637
GCC	3	1	496185
AAG	3	1	423524
GATG	4	1	386315
GGC	3	1	382587
CCC	3	1	331853
ACG	3	1	331619
GAA	3	1	330675
CAC	3	1	314715
ACC	3	1	278197
ACA	3	1	255507
CCG	3	1	244862
CTG	3	1	72667
GCA	3	0	5446
ATT	3	0	4641
AAA	3	0	3715
AAT	3	0	3396
AGG	3	0	2997
GCT	3	0	2914
GAG	3	0	2859
CCA	3	0	2655
CGC	3	0	2261
GGTG	4	0	2066
CCT	3	0	2041
GCG	3	0	1993
AA	2	0	1989
GACG	4	0	1865
GGA	3	0	1777
CAG	3	0	1686
AGCTCT	6	0	1364
AGC	3	0	1343
GAC	3	0	1307
TGATG	5	0	1288
GAT	3	0	1255
AAC	3	0	1249
CTC	3	0	1229
GTC	3	0	1131
CAT	3	0	1091
TCT	3	0	1044
TAG	3	0	890
GGT	3	0	859
ATG	3	0	778
TCC	3	0	694
GAAG	4	0	663
GATA	4	0	615
AATG	4	0	613
TAC	3	0	599
GTA	3	0	549
CAA	3	0	519
GTTG	4	0	473
ATC	3	0	442
TCG	3	0	420
ATA	3	0	419
TGC	3	0	366
TCA	3	0	347
CCCG	4	0	331
GCTG	4	0	328
GACC	4	0	303
CT	2	0	280
AC	2	0	249
CGG	3	0	242
CC	2	0	239
TTG	3	0	226
TATG	4	0	200
AG	2	0	198
TAA	3	0	177
CTA	3	0	167
GC	2	0	149
GGG	3	0	144
GACTCC	6	0	132
GATT	4	0	121
GAGG	4	0	106
AGT	3	0	73
CCCC	4	0	73
AGA	3	0	71
GA	2	0	68
CATG	4	0	61
ACTG	4	0	41
AACTCC	6	0	39
CTT	3	0	35
GATC	4	0	34
GGCG	4	0	32
GTG	3	0	31
AAGG	4	0	27
GTT	3	0	26
CG	2	0	26
TGG	3	0	22
GG	2	0	22
GACA	4	0	19
GCCG	4	0	18
CA	2	0	17
ACAG	4	0	17
C	1	0	17
GACT	4	0	16
GGGC	4	0	13
NAA	3	0	13
TACG	4	0	12
CCCT	4	0	12
AGCTCC	6	0	11
CGA	3	0	10
TGAT	4	0	10
AGCTTT	6	0	10
GACTC	5	0	10
AAAG	4	0	9
AACG	4	0	8
TCTG	4	0	8
TG	2	0	7
GCAC	4	0	7
AACTAC	6	0	7
ACGG	4	0	7
AT	2	0	7
CGATG	5	0	7
CGT	3	0	6
TTC	3	0	6
CGCTCT	6	0	6
CCGG	4	0	6
TGGTG	5	0	6
G	1	0	5
GGTA	4	0	5
CACG	4	0	5
GCTA	4	0	5
GGCTCT	6	0	5
NCC	3	0	5
TATT	4	0	5
ACN	3	0	5
TGCTG	5	0	5
TTA	3	0	4
GATTG	5	0	4
GCCC	4	0	4
TAT	3	0	4
TGCTCT	6	0	4
TTT	3	0	4
GACTCA	6	0	4
TGACG	5	0	4
GACTCG	6	0	4
ACCG	4	0	4
TGATA	5	0	4
A	1	0	3
T	1	0	3
CTCT	4	0	3
CTGG	4	0	3
CCCA	4	0	3
GTCG	4	0	3
GGCC	4	0	3
AATA	4	0	3
GCTCT	5	0	3
GGAG	4	0	3
AACTCA	6	0	3
AGTG	4	0	3
TAGG	4	0	3
GTGG	4	0	3
NCG	3	0	3
TA	2	0	3
TGA	3	0	2
GATGG	5	0	2
NCA	3	0	2
NAG	3	0	2
ACAC	4	0	2
ATTG	4	0	2
CACA	4	0	2
GCCT	4	0	2
GT	2	0	2
AGCCCT	6	0	2
ANG	3	0	2
TC	2	0	2
TT	2	0	2
CCTG	4	0	2
GACCCC	6	0	2
GACTAC	6	0	2
CACT	4	0	2
NATG	4	0	2
GATAG	5	0	2
GAAC	4	0	2
GGGG	4	0	2
CAAG	4	0	2
GGATG	5	0	2
TCAC	4	0	2
TTATG	5	0	2
TGAAG	5	0	2
GGAA	4	0	1
CGTTG	5	0	1
CGTCTG	6	0	1
ATGG	4	0	1
CGTC	4	0	1
TAAG	4	0	1
GCAG	4	0	1
CGGCC	5	0	1
GGCCCT	6	0	1
AGTTCT	6	0	1
AGCTCA	6	0	1
AGCGCT	6	0	1
GACTCT	6	0	1
AGCTAT	6	0	1
AACTCT	6	0	1
AGGG	4	0	1
CGAG	4	0	1
CAGG	4	0	1
AATC	4	0	1
GATTCC	6	0	1
ACTA	4	0	1
GCCA	4	0	1
TCTT	4	0	1
GCTT	4	0	1
GGCT	4	0	1
AAGGCC	6	0	1
TGT	3	0	1
CGAAG	5	0	1
NAC	3	0	1
CNC	3	0	1
CGGATG	6	0	1
GCGG	4	0	1
GGTT	4	0	1
GANG	4	0	1
GTTT	4	0	1
GAAA	4	0	1
GTAG	4	0	1
GAAAG	5	0	1
GTTA	4	0	1
AAN	3	0	1
GNC	3	0	1
GAAGGA	6	0	1
TATA	4	0	1
GACAG	5	0	1
TGTG	4	0	1
TCTA	4	0	1
CCTC	4	0	1
AACA	4	0	1
CACC	4	0	1
AATT	4	0	1
CTAG	4	0	1
ACGCAC	6	0	1
CGTG	4	0	1
CTTG	4	0	1
TGAG	4	0	1
GGTC	4	0	1
AAGGC	5	0	1
CGCG	4	0	1
ATCC	4	0	1
GCTTG	5	0	1
ANC	3	0	1
GCN	3	0	1
NTG	3	0	1
TCCC	4	0	1
CGACT	5	0	1
TGGT	4	0	1
TGCT	4	0	1
TGTTG	5	0	1
AAAA	4	0	1
TAATG	5	0	1
AGATG	5	0	1
AGAG	4	0	1
AACT	4	0	1
CGTCT	5	0	1
GGGTG	5	0	1
ACGGAT	6	0	1
GNTG	4	0	1
NATT	4	0	1
CGTCA	5	0	1
CCCCC	5	0	1
TGATTG	6	0	1
ACGAAG	6	0	1
