tapebc	site	n_resolved	n_edited	edit_rate
CGAAGAAAAGTG	1	1621460	825420	0.5091
CGAAGAAAAGTG	2	1597128	345789	0.2165
CGAAGAAAAGTG	3	1630762	103868	0.0637
CGAAGAAAAGTG	4	1664959	29215	0.0175
CGAAGAAAAGTG	5	1692651	15925	0.0094
CGAAGAAAAGTG	6	1714475	13335	0.0078
TGGCGAAAAAAC	1	1309838	949863	0.7252
TGGCGAAAAAAC	2	1270062	445738	0.3510
TGGCGAAAAAAC	3	1291084	179969	0.1394
TGGCGAAAAAAC	4	1323162	61723	0.0466
TGGCGAAAAAAC	5	1353259	37346	0.0276
TGGCGAAAAAAC	6	1376049	26814	0.0195
TAGGAAAAGTGG	1	1255753	670751	0.5341
TAGGAAAAGTGG	2	1235171	243827	0.1974
TAGGAAAAGTGG	3	1264750	61887	0.0489
TAGGAAAAGTGG	4	1294831	22511	0.0174
TAGGAAAAGTGG	5	1318132	14670	0.0111
TAGGAAAAGTGG	6	1335463	14936	0.0112
TTGGTAACCCCA	1	359614	10957	0.0305
TTGGTAACCCCA	2	365838	2029	0.0055
TTGGTAACCCCA	3	375970	192	0.0005
TTGGTAACCCCA	4	377869	110	0.0003
TTGGTAACCCCA	5	379552	105	0.0003
TTGGTAACCCCA	6	381095	113	0.0003
TTACGAAGTCTC	1	260686	260022	0.9975
TTACGAAGTCTC	2	245346	243845	0.9939
TTACGAAGTCTC	3	241431	237623	0.9842
TTACGAAGTCTC	4	243031	189886	0.7813
TTACGAAGTCTC	5	249784	142918	0.5722
TTACGAAGTCTC	6	262657	130624	0.4973
CCCTGAAGGGTG	1	253927	253050	0.9965
CCCTGAAGGGTG	2	241000	237742	0.9865
CCCTGAAGGGTG	3	234785	174668	0.7439
CCCTGAAGGGTG	4	234766	70064	0.2984
CCCTGAAGGGTG	5	247918	34694	0.1399
CCCTGAAGGGTG	6	262564	22851	0.0870
CTATGAAGCCTG	1	255321	254358	0.9962
CTATGAAGCCTG	2	242721	238010	0.9806
CTATGAAGCCTG	3	239596	135469	0.5654
CTATGAAGCCTG	4	245883	45126	0.1835
CTATGAAGCCTG	5	257210	11965	0.0465
CTATGAAGCCTG	6	265347	7020	0.0265
GTCCCAATTTTT	1	239483	121439	0.5071
GTCCCAATTTTT	2	237548	50721	0.2135
GTCCCAATTTTT	3	243742	11067	0.0454
GTCCCAATTTTT	4	248820	1544	0.0062
GTCCCAATTTTT	5	252086	162	0.0006
GTCCCAATTTTT	6	254624	190	0.0007
GTCGAAAAGGGA	1	219066	215579	0.9841
GTCGAAAAGGGA	2	209591	124896	0.5959
GTCGAAAAGGGA	3	210850	38528	0.1827
GTCGAAAAGGGA	4	219117	8999	0.0411
GTCGAAAAGGGA	5	226283	4524	0.0200
GTCGAAAAGGGA	6	231555	3328	0.0144
TGGTGAAAGTAA	1	220697	117982	0.5346
TGGTGAAAGTAA	2	219037	56146	0.2563
TGGTGAAAGTAA	3	222422	12833	0.0577
TGGTGAAAGTAA	4	227391	3817	0.0168
TGGTGAAAGTAA	5	231742	1340	0.0058
TGGTGAAAGTAA	6	235000	692	0.0029
GGGGCAAGGGGA	1	212531	116327	0.5473
GGGGCAAGGGGA	2	207718	53684	0.2584
GGGGCAAGGGGA	3	212250	15464	0.0729
GGGGCAAGGGGA	4	218753	8661	0.0396
GGGGCAAGGGGA	5	222466	2085	0.0094
GGGGCAAGGGGA	6	225387	257	0.0011
CACTTAAGGTTG	1	211462	149728	0.7081
CACTTAAGGTTG	2	204475	59212	0.2896
CACTTAAGGTTG	3	209127	26344	0.1260
CACTTAAGGTTG	4	212924	4605	0.0216
CACTTAAGGTTG	5	219543	1967	0.0090
CACTTAAGGTTG	6	223261	987	0.0044
CAGAGAAGATAG	1	198867	193068	0.9708
CAGAGAAGATAG	2	192587	90564	0.4702
CAGAGAAGATAG	3	194429	36678	0.1886
CAGAGAAGATAG	4	198447	5814	0.0293
CAGAGAAGATAG	5	202730	2132	0.0105
CAGAGAAGATAG	6	206387	528	0.0026
GCAATAATCATA	1	195447	139257	0.7125
GCAATAATCATA	2	188800	58440	0.3095
GCAATAATCATA	3	191376	19981	0.1044
GCAATAATCATA	4	197218	10877	0.0552
GCAATAATCATA	5	202097	9345	0.0462
GCAATAATCATA	6	205420	6317	0.0308
TGGGAAAGGAGT	1	173983	85382	0.4907
TGGGAAAGGAGT	2	171949	37530	0.2183
TGGGAAAGGAGT	3	174917	9412	0.0538
TGGGAAAGGAGT	4	178729	378	0.0021
TGGGAAAGGAGT	5	183148	194	0.0011
TGGGAAAGGAGT	6	185537	152	0.0008
CCACCAAGTTAC	1	170606	111711	0.6548
CCACCAAGTTAC	2	164472	48002	0.2919
CCACCAAGTTAC	3	168128	18465	0.1098
CCACCAAGTTAC	4	172757	5539	0.0321
CCACCAAGTTAC	5	176975	3519	0.0199
CCACCAAGTTAC	6	180153	2580	0.0143
GGGCAAAGGCTA	1	144203	142116	0.9855
GGGCAAAGGCTA	2	134544	80906	0.6013
GGGCAAAGGCTA	3	133327	34443	0.2583
GGGCAAAGGCTA	4	138828	15565	0.1121
GGGCAAAGGCTA	5	145577	9959	0.0684
GGGCAAAGGCTA	6	150331	10142	0.0675
