blastomere	integration	founder_chain
B1	ATATCAAATTGA	GATG-ACT-ACT-AAG-ACT-AAG
B1	TGACTAAAGCGG	GCC-AAG-GCC
B1	AATAGAAAACGA	ACG-GCC
B1	CAGCTAACGCCT	CCG-CAC
B1	CGGCGAAAAGGT	CAC-AAG
B1	CGGGGAATTGTA	AAG-AAG
B1	TGGGGAACATAT	GAA-GATG
B1	CATATAATCGCA	AAG
B1	GTGTAAATCGGC	GCC
B1	TAACGAATGCCG	GGC
B1	TCCGGAAGACCC	AAG
B2	GTGTAAATCGGC	ACC-ACC-CCC-GCC
B2	TAACGAATGCCG	CAC-ACT-GCC
B2	ATATCAAATTGA	AAG-ACT
B2	CGGGGAATTGTA	GCC-GCC
B2	TGGGGAACATAT	GCC-GCC
B2	AATAGAAAACGA	GATG
B2	CATATAATCGCA	ACA
B2	CGGCGAAAAGGT	CCC
B2	TCCGGAAGACCC	CAC
