site,insertion,count,freq_within_site
1,GCC,1676460,0.22301
1,AAG,1494689,0.19883
1,CAC,931225,0.12387
1,GATG,718634,0.09559
1,CCC,607810,0.08085
1,GGC,384383,0.05113
1,ACG,337453,0.04489
1,GAA,331950,0.04416
1,ACC,285804,0.03802
1,ACA,275761,0.03668
1,CCG,247104,0.03287
1,ACT,51170,0.00681
1,CTG,37264,0.00496
1,GCA,14428,0.00192
1,AAA,11741,0.00156
1,GAG,11319,0.00151
1,AGG,10707,0.00142
1,CGC,8128,0.00108
1,CAG,6814,0.00091
1,GCT,5302,0.00071
1,CCA,4938,0.00066
1,GGTG,4021,0.00053
1,GTC,3539,0.00047
1,GCG,3173,0.00042
1,CAT,3169,0.00042
1,CTC,3107,0.00041
1,GAC,2994,0.00040
1,GACG,2810,0.00037
1,TCC,2807,0.00037
1,ATG,2745,0.00037
1,GAT,2397,0.00032
1,CCT,2362,0.00031
1,AAC,2311,0.00031
1,TAG,2068,0.00028
1,CAA,1992,0.00026
1,GGA,1971,0.00026
1,TAC,1725,0.00023
1,AAT,1554,0.00021
1,ATT,1448,0.00019
1,AGC,1432,0.00019
1,AGCTCT,1369,0.00018
1,GAAG,1315,0.00017
1,GATA,1277,0.00017
1,AATG,1162,0.00015
1,GGT,878,0.00012
1,GTTG,861,0.00011
1,CC,818,0.00011
1,TCG,736,0.00010
1,GCTG,716,0.00010
1,AA,572,0.00008
1,GTA,567,0.00008
1,ATA,551,0.00007
1,AG,534,0.00007
1,TCA,520,0.00007
1,ATC,479,0.00006
1,TGC,386,0.00005
1,TATG,354,0.00005
1,AC,328,0.00004
1,CTA,301,0.00004
1,GATT,260,0.00003
1,GGG,219,0.00003
1,GC,218,0.00003
1,TAA,209,0.00003
1,AGA,198,0.00003
1,CGG,188,0.00003
1,GAGG,179,0.00002
1,CATG,123,0.00002
1,TCT,116,0.00002
1,AAGG,84,0.00001
1,CT,83,0.00001
1,GATC,72,0.00001
1,TTG,71,0.00001
1,GA,70,0.00001
1,GTG,64,0.00001
1,GCCG,54,0.00001
1,C,53,0.00001
1,GGCG,51,0.00001
1,AGT,45,0.00001
1,CGA,41,0.00001
1,CG,39,0.00001
1,GTT,38,0.00001
1,CA,34,0.00000
1,GACA,31,0.00000
1,CTT,31,0.00000
1,GG,24,0.00000
1,CGT,21,0.00000
1,GCAC,20,0.00000
1,ACAG,20,0.00000
1,ACTG,19,0.00000
1,GACT,17,0.00000
1,G,16,0.00000
1,TGG,16,0.00000
1,CCCC,16,0.00000
1,TTA,16,0.00000
1,NCC,16,0.00000
1,GGGC,14,0.00000
1,AACG,13,0.00000
1,NAA,13,0.00000
1,GACC,12,0.00000
1,CACG,11,0.00000
1,AGCTCC,11,0.00000
1,AGCTTT,10,0.00000
1,CTCT,8,0.00000
1,GGTA,8,0.00000
1,TAT,7,0.00000
1,ACGG,7,0.00000
1,TCTG,7,0.00000
1,GCTA,7,0.00000
1,TTC,7,0.00000
1,CGCTCT,6,0.00000
1,GATTG,6,0.00000
1,CCGG,6,0.00000
1,TATT,6,0.00000
1,AT,6,0.00000
1,TGA,6,0.00000
1,TGATG,6,0.00000
1,CCCG,6,0.00000
1,NCG,6,0.00000
1,ACCG,5,0.00000
1,CACT,5,0.00000
1,CACA,5,0.00000
1,GCCC,5,0.00000
1,AAAG,5,0.00000
1,AGTG,5,0.00000
1,GGCTCT,5,0.00000
1,GGAG,5,0.00000
1,NAG,5,0.00000
1,TG,4,0.00000
1,GTGG,4,0.00000
1,GGCC,4,0.00000
1,TGCTCT,4,0.00000
1,TAGG,4,0.00000
1,GTCG,3,0.00000
1,TGAT,3,0.00000
1,TACG,3,0.00000
1,GGGG,3,0.00000
1,GATGG,3,0.00000
1,NATG,3,0.00000
1,NAC,3,0.00000
1,GNC,3,0.00000
1,ANG,3,0.00000
1,GCTCT,3,0.00000
1,CACC,3,0.00000
1,A,2,0.00000
1,GCAG,2,0.00000
1,GTAG,2,0.00000
1,CGGATG,2,0.00000
1,GTTT,2,0.00000
1,CAAG,2,0.00000
1,GGTT,2,0.00000
1,AGCCCT,2,0.00000
1,NCA,2,0.00000
1,ACAC,2,0.00000
1,GAAC,2,0.00000
1,GGCCCT,1,0.00000
1,GCGG,1,0.00000
1,TGT,1,0.00000
1,GGAA,1,0.00000
1,AGTTCT,1,0.00000
1,CCCA,1,0.00000
1,GGGTG,1,0.00000
1,CCCT,1,0.00000
1,GCTTG,1,0.00000
1,CGTC,1,0.00000
1,CGTTG,1,0.00000
1,ACGGAT,1,0.00000
1,AGCTCA,1,0.00000
1,AGCGCT,1,0.00000
1,CGAAG,1,0.00000
1,GACTCT,1,0.00000
1,AGCTAT,1,0.00000
1,AACTCT,1,0.00000
1,TTT,1,0.00000
1,AGGG,1,0.00000
1,ANC,1,0.00000
1,GCN,1,0.00000
1,GNTG,1,0.00000
1,NTG,1,0.00000
1,CNC,1,0.00000
1,GANG,1,0.00000
1,NATT,1,0.00000
1,CGATG,1,0.00000
1,GAAA,1,0.00000
1,GACTCC,1,0.00000
1,GATAG,1,0.00000
1,T,1,0.00000
1,GAAGGA,1,0.00000
1,GT,1,0.00000
1,GAAAG,1,0.00000
1,TC,1,0.00000
1,GTTA,1,0.00000
1,CGTCTG,1,0.00000
1,CGTCA,1,0.00000
2,AAG,1631776,0.24352
2,GCC,1492329,0.22271
2,ACT,952885,0.14221
2,CCC,862737,0.12875
2,CAC,539664,0.08054
2,GATG,532984,0.07954
2,ACC,257502,0.03843
2,CTG,190493,0.02843
2,ACA,114286,0.01706
2,AGG,9987,0.00149
2,GCT,9800,0.00146
2,GCA,9312,0.00139
2,GAG,8782,0.00131
2,CAG,7532,0.00112
2,AAA,7037,0.00105
2,CCT,5763,0.00086
2,ACG,5409,0.00081
2,GTC,4085,0.00061
2,AAT,3965,0.00059
2,CGC,3957,0.00059
2,ATT,3696,0.00055
2,GACG,3064,0.00046
2,GGTG,2803,0.00042
2,TAG,2760,0.00041
2,CTC,2653,0.00040
2,GGC,2653,0.00040
2,ATG,2563,0.00038
2,CAT,2234,0.00033
2,TCC,2164,0.00032
2,CCG,2052,0.00031
2,AAC,2000,0.00030
2,GAC,1990,0.00030
2,CCA,1834,0.00027
2,TCT,1795,0.00027
2,CAA,1485,0.00022
2,GAT,1199,0.00018
2,AATG,1116,0.00017
2,GATA,898,0.00013
2,GCG,897,0.00013
2,GTTG,886,0.00013
2,GAAG,825,0.00012
2,TAC,743,0.00011
2,CC,736,0.00011
2,CTA,703,0.00010
2,AA,569,0.00008
2,AG,508,0.00008
2,GCTG,494,0.00007
2,CT,492,0.00007
2,TTG,475,0.00007
2,CGG,376,0.00006
2,ATC,374,0.00006
2,ATA,365,0.00005
2,TATG,335,0.00005
2,GAA,261,0.00004
2,TCA,185,0.00003
2,GAGG,141,0.00002
2,AGT,136,0.00002
2,GATT,115,0.00002
2,GACTCC,115,0.00002
2,AC,106,0.00002
2,CTT,100,0.00001
2,GC,90,0.00001
2,GTG,89,0.00001
2,CATG,87,0.00001
2,AGA,76,0.00001
2,GTT,74,0.00001
2,AAGG,74,0.00001
2,AGC,66,0.00001
2,ACTG,64,0.00001
2,TGATG,59,0.00001
2,GGA,53,0.00001
2,GCCG,45,0.00001
2,GATC,44,0.00001
2,GGG,43,0.00001
2,C,39,0.00001
2,GACT,30,0.00000
2,CA,28,0.00000
2,AACTCC,26,0.00000
2,TACG,25,0.00000
2,CCCC,19,0.00000
2,CGA,19,0.00000
2,GGT,18,0.00000
2,GTA,18,0.00000
2,CGT,17,0.00000
2,AAAG,16,0.00000
2,TGG,15,0.00000
2,TGAT,15,0.00000
2,TCG,14,0.00000
2,GACA,14,0.00000
2,TGC,14,0.00000
2,GCAC,13,0.00000
2,ACAG,12,0.00000
2,G,12,0.00000
2,AGTG,11,0.00000
2,AACG,11,0.00000
2,TG,11,0.00000
2,CACG,10,0.00000
2,GACC,10,0.00000
2,TCTG,10,0.00000
2,GGCG,10,0.00000
2,GACTC,10,0.00000
2,T,8,0.00000
2,AT,8,0.00000
2,CTCT,8,0.00000
2,TTC,7,0.00000
2,TAA,7,0.00000
2,GCCC,7,0.00000
2,GGCC,6,0.00000
2,TAT,6,0.00000
2,CCCG,6,0.00000
2,CG,5,0.00000
2,CAAG,5,0.00000
2,GTCG,5,0.00000
2,GATTG,5,0.00000
2,GA,5,0.00000
2,GGAG,5,0.00000
2,GCTCT,4,0.00000
2,GACTCG,4,0.00000
2,GT,4,0.00000
2,TTA,4,0.00000
2,ACCG,3,0.00000
2,ACAC,3,0.00000
2,TTT,3,0.00000
2,TC,3,0.00000
2,GGGG,3,0.00000
2,CTGG,3,0.00000
2,GCCT,3,0.00000
2,GATGG,3,0.00000
2,GCAG,3,0.00000
2,TGAAG,3,0.00000
2,CCCA,3,0.00000
2,AGCTCT,2,0.00000
2,CACA,2,0.00000
2,CGAAG,2,0.00000
2,ATTG,2,0.00000
2,GGTA,2,0.00000
2,GG,2,0.00000
2,AGCCCT,2,0.00000
2,CACC,2,0.00000
2,GACTAC,2,0.00000
2,AACTCA,1,0.00000
2,TATA,1,0.00000
2,AACTAC,1,0.00000
2,TCTT,1,0.00000
2,AGGG,1,0.00000
2,TA,1,0.00000
2,GCTA,1,0.00000
2,ATGG,1,0.00000
2,TGTTG,1,0.00000
2,CAGG,1,0.00000
2,GACAG,1,0.00000
2,GACCCC,1,0.00000
2,AACA,1,0.00000
2,AATA,1,0.00000
2,TGTG,1,0.00000
2,GGATG,1,0.00000
2,GTTA,1,0.00000
2,CGTC,1,0.00000
2,GTTT,1,0.00000
2,CGCG,1,0.00000
2,GTGG,1,0.00000
2,GCTT,1,0.00000
2,GGGC,1,0.00000
2,CGGCC,1,0.00000
2,AGCTCC,1,0.00000
2,CGGATG,1,0.00000
2,GCGG,1,0.00000
2,TAAG,1,0.00000
2,TGAG,1,0.00000
2,TT,1,0.00000
2,AAGGCC,1,0.00000
2,CCCT,1,0.00000
2,GGTC,1,0.00000
2,CACT,1,0.00000
2,AAAA,1,0.00000
3,CCC,1471086,0.25191
3,GCC,1293649,0.22153
3,AAG,850488,0.14564
3,CAC,761323,0.13037
3,ACT,562006,0.09624
3,GATG,385017,0.06593
3,CTG,275468,0.04717
3,ACA,126352,0.02164
3,GCA,15710,0.00269
3,ACC,9399,0.00161
3,GCT,7478,0.00128
3,ATT,6603,0.00113
3,CGC,5147,0.00088
3,GAG,5014,0.00086
3,AGG,4980,0.00085
3,CCT,4957,0.00085
3,CTC,4880,0.00084
3,AAT,4662,0.00080
3,ACG,3125,0.00054
3,CAG,2976,0.00051
3,CCG,2936,0.00050
3,AAA,2740,0.00047
3,GTC,2567,0.00044
3,CAT,2556,0.00044
3,CCA,2451,0.00042
3,GGTG,2212,0.00038
3,TCC,2149,0.00037
3,GACG,1715,0.00029
3,TAC,1578,0.00027
3,TGATG,1331,0.00023
3,TAG,1240,0.00021
3,ATG,1175,0.00020
3,GAC,1157,0.00020
3,CC,844,0.00014
3,CT,838,0.00014
3,CAA,815,0.00014
3,GAT,789,0.00014
3,TCT,764,0.00013
3,GATA,732,0.00013
3,GCG,691,0.00012
3,GGC,676,0.00012
3,CTA,666,0.00011
3,AATG,588,0.00010
3,GAAG,585,0.00010
3,GCTG,523,0.00009
3,AAC,502,0.00009
3,AG,473,0.00008
3,GTTG,459,0.00008
3,ATA,442,0.00008
3,TTG,375,0.00006
3,TCA,247,0.00004
3,AA,214,0.00004
3,CTT,202,0.00003
3,GAA,179,0.00003
3,TATG,161,0.00003
3,CGG,154,0.00003
3,GAGG,140,0.00002
3,GTG,121,0.00002
3,GATT,117,0.00002
3,GGA,97,0.00002
3,AGT,86,0.00001
3,CATG,77,0.00001
3,AC,75,0.00001
3,C,66,0.00001
3,GTT,59,0.00001
3,CCCC,54,0.00001
3,GC,50,0.00001
3,AAGG,46,0.00001
3,AGA,46,0.00001
3,GATC,41,0.00001
3,GGG,37,0.00001
3,ATC,34,0.00001
3,ACTG,33,0.00001
3,CA,31,0.00001
3,GTA,26,0.00000
3,GCCG,25,0.00000
3,CGT,24,0.00000
3,TGAT,21,0.00000
3,GCAC,16,0.00000
3,TCG,14,0.00000
3,TG,14,0.00000
3,GATTG,12,0.00000
3,TGC,12,0.00000
3,CGA,11,0.00000
3,CCCG,10,0.00000
3,TAT,10,0.00000
3,GACC,10,0.00000
3,TTC,9,0.00000
3,CTCT,8,0.00000
3,GGT,8,0.00000
3,T,8,0.00000
3,GGCC,7,0.00000
3,TGGTG,7,0.00000
3,GACA,7,0.00000
3,AAAG,7,0.00000
3,GACT,7,0.00000
3,CGATG,7,0.00000
3,CCCT,6,0.00000
3,ACAG,6,0.00000
3,AGC,6,0.00000
3,TGCTG,5,0.00000
3,TGACG,5,0.00000
3,GGTA,5,0.00000
3,CACG,5,0.00000
3,ACN,5,0.00000
3,AT,4,0.00000
3,GA,4,0.00000
3,GCTA,4,0.00000
3,TGG,4,0.00000
3,CCCA,4,0.00000
3,GGCG,4,0.00000
3,TGATA,4,0.00000
3,TTA,3,0.00000
3,CACT,3,0.00000
3,AGTG,3,0.00000
3,GG,3,0.00000
3,TGA,3,0.00000
3,TAA,3,0.00000
3,A,3,0.00000
3,TGAAG,3,0.00000
3,TCTG,3,0.00000
3,GGATG,3,0.00000
3,TTT,2,0.00000
3,GCAG,2,0.00000
3,GCCC,2,0.00000
3,GACTCC,2,0.00000
3,GCTCT,2,0.00000
3,GCGG,2,0.00000
3,GATGG,2,0.00000
3,CTGG,2,0.00000
3,GGAG,2,0.00000
3,AACG,2,0.00000
3,AATA,2,0.00000
3,G,2,0.00000
3,CG,2,0.00000
3,TATA,1,0.00000
3,CTTG,1,0.00000
3,AGGG,1,0.00000
3,CCCCC,1,0.00000
3,GGTT,1,0.00000
3,TGTG,1,0.00000
3,AACA,1,0.00000
3,GTCG,1,0.00000
3,AATT,1,0.00000
3,TCTA,1,0.00000
3,AGCTCT,1,0.00000
3,TTATG,1,0.00000
3,TAATG,1,0.00000
3,TGAG,1,0.00000
3,GACTAC,1,0.00000
3,GAAA,1,0.00000
3,CAAG,1,0.00000
3,GTGG,1,0.00000
3,CGTCT,1,0.00000
3,AAN,1,0.00000
3,ATTG,1,0.00000
3,GATAG,1,0.00000
3,TCTT,1,0.00000
3,GCCT,1,0.00000
3,ACGG,1,0.00000
3,AGATG,1,0.00000
3,TT,1,0.00000
3,AACTCC,1,0.00000
3,GAAC,1,0.00000
3,CACA,1,0.00000
3,CCTG,1,0.00000
3,TACG,1,0.00000
3,GCCA,1,0.00000
3,TCCC,1,0.00000
3,GT,1,0.00000
4,AAG,1229761,0.24826
4,GCC,1020143,0.20594
4,CCC,881126,0.17788
4,CAC,560683,0.11319
4,ACT,494538,0.09984
4,CTG,279256,0.05638
4,GATG,255742,0.05163
4,ACA,117727,0.02377
4,GCA,18951,0.00383
4,ATT,8199,0.00166
4,AGG,7701,0.00155
4,ACC,7607,0.00154
4,GAG,7442,0.00150
4,GGC,5637,0.00114
4,GCT,5435,0.00110
4,ACG,4753,0.00096
4,CGC,4030,0.00081
4,CCG,3264,0.00066
4,CCT,3197,0.00065
4,AAA,3167,0.00064
4,CTC,2975,0.00060
4,AAT,2880,0.00058
4,CAG,2678,0.00054
4,GTC,2010,0.00041
4,CCA,1894,0.00038
4,TAG,1692,0.00034
4,ATG,1593,0.00032
4,CAT,1571,0.00032
4,GGTG,1511,0.00031
4,TCC,1288,0.00026
4,GAA,1181,0.00024
4,GACG,1075,0.00022
4,GAC,842,0.00017
4,TCT,792,0.00016
4,TAC,790,0.00016
4,CAA,771,0.00016
4,AA,734,0.00015
4,CT,723,0.00015
4,CTA,585,0.00012
4,GAT,574,0.00012
4,CC,536,0.00011
4,GCG,516,0.00010
4,AATG,482,0.00010
4,GATA,452,0.00009
4,GAAG,396,0.00008
4,AAC,394,0.00008
4,GCTG,376,0.00008
4,CCCG,341,0.00007
4,AG,328,0.00007
4,GACC,307,0.00006
4,TTG,304,0.00006
4,GTTG,304,0.00006
4,ATA,224,0.00005
4,TCA,191,0.00004
4,CGG,147,0.00003
4,TATG,126,0.00003
4,GAGG,118,0.00002
4,CTT,117,0.00002
4,GTG,111,0.00002
4,AGT,77,0.00002
4,GGG,69,0.00001
4,AC,64,0.00001
4,AGA,51,0.00001
4,AAGG,51,0.00001
4,GATT,50,0.00001
4,GTT,49,0.00001
4,TGATG,41,0.00001
4,GGA,41,0.00001
4,CATG,41,0.00001
4,GC,40,0.00001
4,ATC,40,0.00001
4,TGG,34,0.00001
4,CA,29,0.00001
4,AGC,29,0.00001
4,ACTG,28,0.00001
4,C,27,0.00001
4,GTA,23,0.00000
4,CCCC,21,0.00000
4,TGAT,18,0.00000
4,TTC,17,0.00000
4,GCCG,17,0.00000
4,GGT,17,0.00000
4,TCG,16,0.00000
4,TG,16,0.00000
4,GATC,15,0.00000
4,GACT,14,0.00000
4,TGC,14,0.00000
4,GGCG,12,0.00000
4,AAAG,12,0.00000
4,ACAG,12,0.00000
4,CGA,12,0.00000
4,GACA,11,0.00000
4,TAA,10,0.00000
4,CACG,9,0.00000
4,AT,9,0.00000
4,CGT,9,0.00000
4,AGCTCT,7,0.00000
4,GCAC,7,0.00000
4,AGTG,6,0.00000
4,G,6,0.00000
4,GG,5,0.00000
4,TTT,5,0.00000
4,GCCC,5,0.00000
4,GGCC,5,0.00000
4,CTGG,4,0.00000
4,GGAG,4,0.00000
4,GGTA,4,0.00000
4,GA,4,0.00000
4,T,4,0.00000
4,TT,4,0.00000
4,AACG,4,0.00000
4,CACA,3,0.00000
4,CCCA,3,0.00000
4,AGGG,3,0.00000
4,GACTCC,3,0.00000
4,CTCT,3,0.00000
4,TGA,3,0.00000
4,GATGG,2,0.00000
4,GCTA,2,0.00000
4,TTA,2,0.00000
4,TC,2,0.00000
4,GTCG,2,0.00000
4,GGGG,2,0.00000
4,CGAAG,2,0.00000
4,TGGTG,2,0.00000
4,AATA,2,0.00000
4,GCTT,2,0.00000
4,ACGG,2,0.00000
4,CACT,2,0.00000
4,GAAC,2,0.00000
4,TAT,1,0.00000
4,CCCT,1,0.00000
4,GGCT,1,0.00000
4,GTTA,1,0.00000
4,GTTT,1,0.00000
4,TGATTG,1,0.00000
4,ATTG,1,0.00000
4,CGGCC,1,0.00000
4,ACAC,1,0.00000
4,GCCT,1,0.00000
4,GGATG,1,0.00000
4,CCTC,1,0.00000
4,ACCG,1,0.00000
4,TACG,1,0.00000
4,TGAG,1,0.00000
4,GCTCT,1,0.00000
4,TGTG,1,0.00000
4,CG,1,0.00000
4,CCTG,1,0.00000
4,ACGAAG,1,0.00000
4,TCTG,1,0.00000
4,TCTT,1,0.00000
4,AGAG,1,0.00000
4,CGTG,1,0.00000
4,CGACT,1,0.00000
4,AGCTCC,1,0.00000
4,TA,1,0.00000
4,A,1,0.00000
5,CCC,976462,0.22290
5,AAG,766221,0.17491
5,GCC,706043,0.16117
5,CAC,574281,0.13110
5,ACT,539785,0.12322
5,GATG,293395,0.06698
5,CTG,273435,0.06242
5,ACA,148720,0.03395
5,ATT,11033,0.00252
5,ACC,8791,0.00201
5,GCA,7491,0.00171
5,AAT,5532,0.00126
5,AGG,5203,0.00119
5,GCT,5108,0.00117
5,ACG,5032,0.00115
5,CGC,4468,0.00102
5,GAG,3871,0.00088
5,CTC,3769,0.00086
5,CCT,3278,0.00075
5,CCG,3122,0.00071
5,AAA,2487,0.00057
5,CAG,2363,0.00054
5,CAT,2106,0.00048
5,GGC,1852,0.00042
5,AA,1824,0.00042
5,TCC,1824,0.00042
5,GGTG,1589,0.00036
5,ATG,1573,0.00036
5,CCA,1560,0.00036
5,GTC,1465,0.00033
5,GACG,1383,0.00032
5,TCT,1105,0.00025
5,TAG,976,0.00022
5,GAA,934,0.00021
5,TAC,869,0.00020
5,CT,843,0.00019
5,GAC,827,0.00019
5,GAT,751,0.00017
5,GTTG,679,0.00016
5,CTA,650,0.00015
5,CC,606,0.00014
5,GATA,595,0.00014
5,AATG,587,0.00013
5,CAA,501,0.00011
5,GAAG,484,0.00011
5,GCTG,484,0.00011
5,AAC,460,0.00011
5,GCG,430,0.00010
5,ATA,362,0.00008
5,TTG,346,0.00008
5,AG,259,0.00006
5,CGG,198,0.00005
5,TCA,198,0.00005
5,GTG,183,0.00004
5,CTT,160,0.00004
5,TGATG,156,0.00004
5,GACTCC,132,0.00003
5,AGT,126,0.00003
5,CCCC,125,0.00003
5,TATG,125,0.00003
5,GAGG,84,0.00002
5,AGA,81,0.00002
5,AC,76,0.00002
5,GTT,75,0.00002
5,CATG,73,0.00002
5,GGA,71,0.00002
5,ATC,66,0.00002
5,GACC,58,0.00001
5,GATT,52,0.00001
5,AAGG,48,0.00001
5,AACTCC,39,0.00001
5,CA,37,0.00001
5,ACTG,37,0.00001
5,GC,36,0.00001
5,GGG,32,0.00001
5,GTA,29,0.00001
5,GATC,26,0.00001
5,GCCG,25,0.00001
5,C,22,0.00001
5,GA,21,0.00000
5,GACA,17,0.00000
5,TGAT,17,0.00000
5,CGT,17,0.00000
5,GCTA,16,0.00000
5,TTC,16,0.00000
5,TGC,16,0.00000
5,TG,14,0.00000
5,TCG,14,0.00000
5,GCAC,13,0.00000
5,GGCG,13,0.00000
5,GGT,11,0.00000
5,AACG,11,0.00000
5,CGA,11,0.00000
5,GACT,11,0.00000
5,AGC,11,0.00000
5,TAT,10,0.00000
5,TGG,10,0.00000
5,CACG,9,0.00000
5,ACAG,9,0.00000
5,AAAG,9,0.00000
5,T,9,0.00000
5,AT,8,0.00000
5,AATA,7,0.00000
5,CCCA,7,0.00000
5,AACTAC,7,0.00000
5,G,6,0.00000
5,GGCC,6,0.00000
5,GCCC,5,0.00000
5,TTT,5,0.00000
5,TCTG,4,0.00000
5,TGA,4,0.00000
5,GACTCA,4,0.00000
5,A,4,0.00000
5,TAA,4,0.00000
5,CACT,3,0.00000
5,AACTCA,3,0.00000
5,GATTG,3,0.00000
5,ATTG,3,0.00000
5,GTCG,3,0.00000
5,CG,3,0.00000
5,CTGG,3,0.00000
5,GGTA,3,0.00000
5,TC,3,0.00000
5,TGCTG,3,0.00000
5,CCCG,3,0.00000
5,TA,3,0.00000
5,GGAG,3,0.00000
5,CGATG,2,0.00000
5,AACA,2,0.00000
5,GTAG,2,0.00000
5,TTATG,2,0.00000
5,AGCTCT,2,0.00000
5,CCTG,2,0.00000
5,ACAC,2,0.00000
5,TGACG,2,0.00000
5,GACCCC,2,0.00000
5,TACG,2,0.00000
5,AGTG,2,0.00000
5,CGTG,2,0.00000
5,GGATG,2,0.00000
5,CACC,2,0.00000
5,GACTC,2,0.00000
5,GAAC,2,0.00000
5,TCAC,2,0.00000
5,GG,1,0.00000
5,AACT,1,0.00000
5,TCTT,1,0.00000
5,GCAG,1,0.00000
5,TTA,1,0.00000
5,CACA,1,0.00000
5,GCTTG,1,0.00000
5,TGAAG,1,0.00000
5,ACGCAC,1,0.00000
5,ACGGAT,1,0.00000
5,CGAG,1,0.00000
5,GGGG,1,0.00000
5,GCTT,1,0.00000
5,GNTG,1,0.00000
5,CGTC,1,0.00000
5,GCGG,1,0.00000
5,CAGG,1,0.00000
5,GACTAC,1,0.00000
5,GATGG,1,0.00000
5,AATC,1,0.00000
5,GATTCC,1,0.00000
5,GTTT,1,0.00000
5,GCCA,1,0.00000
6,AAG,1093728,0.26255
6,CCC,863937,0.20739
6,GCC,666167,0.15991
6,CAC,580404,0.13933
6,CTG,297315,0.07137
6,GATG,283188,0.06798
6,ACT,162601,0.03903
6,ACA,126074,0.03026
6,ATT,11182,0.00268
6,AGG,8050,0.00193
6,GCA,7200,0.00173
6,GAG,5555,0.00133
6,ACG,5129,0.00123
6,ACC,4832,0.00116
6,CGC,3865,0.00093
6,AAA,3101,0.00074
6,CCG,2921,0.00070
6,CAG,2844,0.00068
6,CCT,2622,0.00063
6,CTC,2538,0.00061
6,GCT,2418,0.00058
6,AA,2353,0.00056
6,GGC,1855,0.00045
6,AAT,1836,0.00044
6,TCC,1694,0.00041
6,CAT,1598,0.00038
6,GACG,1547,0.00037
6,ATG,1518,0.00036
6,TAG,1439,0.00035
6,GGTG,1375,0.00033
6,GTC,1249,0.00030
6,CCA,1222,0.00029
6,GAC,999,0.00024
6,CT,959,0.00023
6,TAC,890,0.00021
6,GAT,865,0.00021
6,AATG,621,0.00015
6,CTA,599,0.00014
6,GAAG,567,0.00014
6,GATA,550,0.00013
6,AAC,479,0.00011
6,GCG,478,0.00011
6,GAA,462,0.00011
6,CC,459,0.00011
6,CAA,415,0.00010
6,GCTG,408,0.00010
6,AG,368,0.00009
6,TTG,346,0.00008
6,GTTG,305,0.00007
6,ATA,287,0.00007
6,TCT,218,0.00005
6,CGG,204,0.00005
6,TCA,176,0.00004
6,CTT,158,0.00004
6,GTG,131,0.00003
6,TATG,109,0.00003
6,GATT,97,0.00002
6,GAGG,94,0.00002
6,AC,94,0.00002
6,AGA,73,0.00002
6,CATG,63,0.00002
6,ATC,57,0.00001
6,GTT,55,0.00001
6,AGT,48,0.00001
6,GATC,46,0.00001
6,GGG,41,0.00001
6,TGAT,40,0.00001
6,AAGG,40,0.00001
6,CA,37,0.00001
6,TGATG,37,0.00001
6,C,34,0.00001
6,GC,29,0.00001
6,GCCG,28,0.00001
6,GACA,27,0.00001
6,GA,26,0.00001
6,ACTG,24,0.00001
6,TGG,20,0.00000
6,TG,19,0.00000
6,AACG,18,0.00000
6,GGT,17,0.00000
6,CCCT,15,0.00000
6,GGCG,14,0.00000
6,ACAG,13,0.00000
6,TCG,13,0.00000
6,TGC,12,0.00000
6,TTC,12,0.00000
6,AGC,11,0.00000
6,GTA,11,0.00000
6,TCTG,11,0.00000
6,GCAC,10,0.00000
6,CGT,10,0.00000
6,CCCC,9,0.00000
6,AAAG,9,0.00000
6,AATA,9,0.00000
6,TTT,9,0.00000
6,CACG,9,0.00000
6,CCCG,8,0.00000
6,GGA,8,0.00000
6,GCTA,7,0.00000
6,CTGG,6,0.00000
6,AGTG,6,0.00000
6,T,5,0.00000
6,G,5,0.00000
6,AT,5,0.00000
6,A,5,0.00000
6,ACCG,4,0.00000
6,TAT,4,0.00000
6,GATGG,4,0.00000
6,GATTG,4,0.00000
6,TACG,4,0.00000
6,GACT,3,0.00000
6,GACTC,3,0.00000
6,CG,3,0.00000
6,TAA,3,0.00000
6,GGCC,3,0.00000
6,CGAAG,3,0.00000
6,GCCA,3,0.00000
6,TA,3,0.00000
6,AGCTCT,3,0.00000
6,CAAG,3,0.00000
6,GACTCG,2,0.00000
6,GATAG,2,0.00000
6,GCCC,2,0.00000
6,GG,2,0.00000
6,GGATG,2,0.00000
6,GTTA,2,0.00000
6,GGTA,2,0.00000
6,CACC,2,0.00000
6,TGAAG,2,0.00000
6,TGA,2,0.00000
6,CGTG,2,0.00000
6,TGAG,2,0.00000
6,GACC,2,0.00000
6,TCTT,2,0.00000
6,GTCG,2,0.00000
6,TT,1,0.00000
6,CTTG,1,0.00000
6,ACTA,1,0.00000
6,CGGATG,1,0.00000
6,TGGT,1,0.00000
6,GACTCC,1,0.00000
6,GGAG,1,0.00000
6,ATCC,1,0.00000
6,TTA,1,0.00000
6,TGCT,1,0.00000
6,GTAG,1,0.00000
6,AAGGC,1,0.00000
6,TC,1,0.00000
6,CCTG,1,0.00000
6,GGCT,1,0.00000
6,AGGG,1,0.00000
6,GGGG,1,0.00000
6,AATT,1,0.00000
6,CACA,1,0.00000
6,AGATG,1,0.00000
6,NTG,1,0.00000
6,AAGGCC,1,0.00000
6,ATTG,1,0.00000
6,GCAG,1,0.00000
6,GCTT,1,0.00000
6,CTAG,1,0.00000
6,ACGAAG,1,0.00000
6,CACT,1,0.00000
6,CCCA,1,0.00000
6,GGTC,1,0.00000
6,CGTCTG,1,0.00000
