"day","count","series","kind"
1.5,2,"unconstrained dating","line"
1.52,4,"unconstrained dating","line"
1.54,4,"unconstrained dating","line"
1.56,4,"unconstrained dating","line"
1.58,4,"unconstrained dating","line"
1.6,6,"unconstrained dating","line"
1.62,6,"unconstrained dating","line"
1.64,6,"unconstrained dating","line"
1.66,6,"unconstrained dating","line"
1.68,8,"unconstrained dating","line"
1.7,8,"unconstrained dating","line"
1.72,8,"unconstrained dating","line"
1.74,8,"unconstrained dating","line"
1.76,11,"unconstrained dating","line"
1.78,11,"unconstrained dating","line"
1.8,11,"unconstrained dating","line"
1.82,11,"unconstrained dating","line"
1.84,14,"unconstrained dating","line"
1.86,14,"unconstrained dating","line"
1.88,14,"unconstrained dating","line"
1.9,14,"unconstrained dating","line"
1.92,25,"unconstrained dating","line"
1.94,25,"unconstrained dating","line"
1.96,25,"unconstrained dating","line"
1.98,25,"unconstrained dating","line"
2,45,"unconstrained dating","line"
2.02,45,"unconstrained dating","line"
2.04,45,"unconstrained dating","line"
2.06,45,"unconstrained dating","line"
2.08,45,"unconstrained dating","line"
2.1,76,"unconstrained dating","line"
2.12,76,"unconstrained dating","line"
2.14,76,"unconstrained dating","line"
2.16,77,"unconstrained dating","line"
2.18,128,"unconstrained dating","line"
2.2,128,"unconstrained dating","line"
2.22,130,"unconstrained dating","line"
2.24,131,"unconstrained dating","line"
2.26,213,"unconstrained dating","line"
2.28,216,"unconstrained dating","line"
2.3,218,"unconstrained dating","line"
2.32,221,"unconstrained dating","line"
2.34,329,"unconstrained dating","line"
2.36,333,"unconstrained dating","line"
2.38,335,"unconstrained dating","line"
2.4,341,"unconstrained dating","line"
2.42,497,"unconstrained dating","line"
2.44,504,"unconstrained dating","line"
2.46,514,"unconstrained dating","line"
2.48,523,"unconstrained dating","line"
2.5,706,"unconstrained dating","line"
2.52,713,"unconstrained dating","line"
2.54,729,"unconstrained dating","line"
2.56,744,"unconstrained dating","line"
2.58,759,"unconstrained dating","line"
2.6,984,"unconstrained dating","line"
2.62,1006,"unconstrained dating","line"
2.64,1025,"unconstrained dating","line"
2.66,1043,"unconstrained dating","line"
2.68,1284,"unconstrained dating","line"
2.7,1312,"unconstrained dating","line"
2.72,1334,"unconstrained dating","line"
2.74,1352,"unconstrained dating","line"
2.76,1629,"unconstrained dating","line"
2.78,1671,"unconstrained dating","line"
2.8,1715,"unconstrained dating","line"
2.82,1744,"unconstrained dating","line"
2.84,2083,"unconstrained dating","line"
2.86,2141,"unconstrained dating","line"
2.88,2185,"unconstrained dating","line"
2.9,2220,"unconstrained dating","line"
2.92,2589,"unconstrained dating","line"
2.94,2654,"unconstrained dating","line"
2.96,2711,"unconstrained dating","line"
2.98,2759,"unconstrained dating","line"
3,3191,"unconstrained dating","line"
3.02,3261,"unconstrained dating","line"
3.04,3318,"unconstrained dating","line"
3.06,3372,"unconstrained dating","line"
3.08,3436,"unconstrained dating","line"
3.1,3917,"unconstrained dating","line"
3.12,4002,"unconstrained dating","line"
3.14,4065,"unconstrained dating","line"
3.16,4151,"unconstrained dating","line"
3.18,4692,"unconstrained dating","line"
3.2,4809,"unconstrained dating","line"
3.22,4925,"unconstrained dating","line"
3.24,5023,"unconstrained dating","line"
3.26,5595,"unconstrained dating","line"
3.28,5713,"unconstrained dating","line"
3.3,5863,"unconstrained dating","line"
3.32,5985,"unconstrained dating","line"
3.34,6603,"unconstrained dating","line"
3.36,6748,"unconstrained dating","line"
3.38,6912,"unconstrained dating","line"
3.4,7054,"unconstrained dating","line"
3.42,7684,"unconstrained dating","line"
3.44,7868,"unconstrained dating","line"
3.46,8062,"unconstrained dating","line"
3.48,8238,"unconstrained dating","line"
3.5,8884,"unconstrained dating","line"
3.52,9090,"unconstrained dating","line"
3.54,9310,"unconstrained dating","line"
3.56,9508,"unconstrained dating","line"
3.58,9676,"unconstrained dating","line"
3.6,10420,"unconstrained dating","line"
3.62,10653,"unconstrained dating","line"
3.64,10882,"unconstrained dating","line"
3.66,11095,"unconstrained dating","line"
3.68,11811,"unconstrained dating","line"
3.7,12040,"unconstrained dating","line"
3.72,12295,"unconstrained dating","line"
3.74,12532,"unconstrained dating","line"
3.76,13303,"unconstrained dating","line"
3.78,13556,"unconstrained dating","line"
3.8,13829,"unconstrained dating","line"
3.82,14087,"unconstrained dating","line"
3.84,14860,"unconstrained dating","line"
3.86,15148,"unconstrained dating","line"
3.88,15464,"unconstrained dating","line"
3.9,15771,"unconstrained dating","line"
3.92,16437,"unconstrained dating","line"
3.94,16763,"unconstrained dating","line"
3.96,17103,"unconstrained dating","line"
3.98,17433,"unconstrained dating","line"
4,18098,"unconstrained dating","line"
4.02,18434,"unconstrained dating","line"
4.04,18793,"unconstrained dating","line"
4.06,19130,"unconstrained dating","line"
4.08,19492,"unconstrained dating","line"
4.1,20207,"unconstrained dating","line"
4.12,20568,"unconstrained dating","line"
4.14,20909,"unconstrained dating","line"
4.16,21283,"unconstrained dating","line"
4.18,21920,"unconstrained dating","line"
4.2,22326,"unconstrained dating","line"
4.22,22727,"unconstrained dating","line"
4.24,23093,"unconstrained dating","line"
4.26,23698,"unconstrained dating","line"
4.28,24098,"unconstrained dating","line"
4.3,24498,"unconstrained dating","line"
4.32,24907,"unconstrained dating","line"
4.34,25478,"unconstrained dating","line"
4.36,25905,"unconstrained dating","line"
4.38,26323,"unconstrained dating","line"
4.4,26754,"unconstrained dating","line"
4.42,27276,"unconstrained dating","line"
4.44,27718,"unconstrained dating","line"
4.46,28147,"unconstrained dating","line"
4.48,28588,"unconstrained dating","line"
4.5,29137,"unconstrained dating","line"
4.52,29614,"unconstrained dating","line"
4.54,30094,"unconstrained dating","line"
4.56,30554,"unconstrained dating","line"
4.58,31048,"unconstrained dating","line"
4.6,31601,"unconstrained dating","line"
4.62,32099,"unconstrained dating","line"
4.64,32586,"unconstrained dating","line"
4.66,33115,"unconstrained dating","line"
4.68,33613,"unconstrained dating","line"
4.7,34111,"unconstrained dating","line"
4.72,34608,"unconstrained dating","line"
4.74,35147,"unconstrained dating","line"
4.76,35687,"unconstrained dating","line"
4.78,36230,"unconstrained dating","line"
4.8,36774,"unconstrained dating","line"
4.82,37311,"unconstrained dating","line"
4.84,37855,"unconstrained dating","line"
4.86,38428,"unconstrained dating","line"
4.88,38996,"unconstrained dating","line"
4.9,39540,"unconstrained dating","line"
4.92,40122,"unconstrained dating","line"
4.94,40672,"unconstrained dating","line"
4.96,41220,"unconstrained dating","line"
4.98,41821,"unconstrained dating","line"
5,42427,"unconstrained dating","line"
5.02,42958,"unconstrained dating","line"
5.04,43544,"unconstrained dating","line"
5.06,44122,"unconstrained dating","line"
5.08,44702,"unconstrained dating","line"
5.1,45276,"unconstrained dating","line"
5.12,45921,"unconstrained dating","line"
5.14,46518,"unconstrained dating","line"
5.16,47134,"unconstrained dating","line"
5.18,47741,"unconstrained dating","line"
5.2,48335,"unconstrained dating","line"
5.22,48929,"unconstrained dating","line"
5.24,49556,"unconstrained dating","line"
5.26,50229,"unconstrained dating","line"
5.28,50824,"unconstrained dating","line"
5.3,51469,"unconstrained dating","line"
5.32,52073,"unconstrained dating","line"
5.34,52759,"unconstrained dating","line"
5.36,53431,"unconstrained dating","line"
5.38,54068,"unconstrained dating","line"
5.4,54690,"unconstrained dating","line"
5.42,55331,"unconstrained dating","line"
5.44,55998,"unconstrained dating","line"
5.46,56678,"unconstrained dating","line"
5.48,57358,"unconstrained dating","line"
5.5,58026,"unconstrained dating","line"
5.52,58706,"unconstrained dating","line"
5.54,59396,"unconstrained dating","line"
5.56,60095,"unconstrained dating","line"
5.58,60811,"unconstrained dating","line"
5.6,61513,"unconstrained dating","line"
5.62,62246,"unconstrained dating","line"
5.64,62944,"unconstrained dating","line"
5.66,63691,"unconstrained dating","line"
5.68,64406,"unconstrained dating","line"
5.7,65162,"unconstrained dating","line"
5.72,65922,"unconstrained dating","line"
5.74,66600,"unconstrained dating","line"
5.76,67289,"unconstrained dating","line"
5.78,68019,"unconstrained dating","line"
5.8,68755,"unconstrained dating","line"
5.82,69470,"unconstrained dating","line"
5.84,70240,"unconstrained dating","line"
5.86,70957,"unconstrained dating","line"
5.88,71734,"unconstrained dating","line"
5.9,72488,"unconstrained dating","line"
5.92,73293,"unconstrained dating","line"
5.94,74019,"unconstrained dating","line"
5.96,74824,"unconstrained dating","line"
5.98,75618,"unconstrained dating","line"
6,76456,"unconstrained dating","line"
6.02,77244,"unconstrained dating","line"
6.04,78013,"unconstrained dating","line"
6.06,78833,"unconstrained dating","line"
6.08,79660,"unconstrained dating","line"
6.1,80453,"unconstrained dating","line"
6.12,81278,"unconstrained dating","line"
6.14,82112,"unconstrained dating","line"
6.16,82916,"unconstrained dating","line"
6.18,83706,"unconstrained dating","line"
6.2,84516,"unconstrained dating","line"
6.22,85365,"unconstrained dating","line"
6.24,86177,"unconstrained dating","line"
6.26,87029,"unconstrained dating","line"
6.28,87833,"unconstrained dating","line"
6.3,88647,"unconstrained dating","line"
6.32,89475,"unconstrained dating","line"
6.34,90320,"unconstrained dating","line"
6.36,91188,"unconstrained dating","line"
6.38,92046,"unconstrained dating","line"
6.4,93003,"unconstrained dating","line"
6.42,93915,"unconstrained dating","line"
6.44,94766,"unconstrained dating","line"
6.46,95712,"unconstrained dating","line"
6.48,96601,"unconstrained dating","line"
6.5,97566,"unconstrained dating","line"
6.52,98469,"unconstrained dating","line"
6.54,99389,"unconstrained dating","line"
6.56,100277,"unconstrained dating","line"
6.58,101168,"unconstrained dating","line"
6.6,102105,"unconstrained dating","line"
6.62,103009,"unconstrained dating","line"
6.64,103938,"unconstrained dating","line"
6.66,104819,"unconstrained dating","line"
6.68,105790,"unconstrained dating","line"
6.7,106727,"unconstrained dating","line"
6.72,107723,"unconstrained dating","line"
6.74,108621,"unconstrained dating","line"
6.76,109634,"unconstrained dating","line"
6.78,110638,"unconstrained dating","line"
6.8,111618,"unconstrained dating","line"
6.82,112611,"unconstrained dating","line"
6.84,113624,"unconstrained dating","line"
6.86,114570,"unconstrained dating","line"
6.88,115566,"unconstrained dating","line"
6.9,116533,"unconstrained dating","line"
6.92,117634,"unconstrained dating","line"
6.94,118629,"unconstrained dating","line"
6.96,119629,"unconstrained dating","line"
6.98,120626,"unconstrained dating","line"
7,121655,"unconstrained dating","line"
7.02,122658,"unconstrained dating","line"
7.04,123653,"unconstrained dating","line"
7.06,124711,"unconstrained dating","line"
7.08,125730,"unconstrained dating","line"
7.1,126757,"unconstrained dating","line"
7.12,127784,"unconstrained dating","line"
7.14,128872,"unconstrained dating","line"
7.16,129902,"unconstrained dating","line"
7.18,131052,"unconstrained dating","line"
7.2,132127,"unconstrained dating","line"
7.22,133229,"unconstrained dating","line"
7.24,134256,"unconstrained dating","line"
7.26,135398,"unconstrained dating","line"
7.28,136550,"unconstrained dating","line"
7.3,137675,"unconstrained dating","line"
7.32,138778,"unconstrained dating","line"
7.34,139897,"unconstrained dating","line"
7.36,141048,"unconstrained dating","line"
7.38,142171,"unconstrained dating","line"
7.4,143343,"unconstrained dating","line"
7.42,144487,"unconstrained dating","line"
7.44,145646,"unconstrained dating","line"
7.46,146811,"unconstrained dating","line"
7.48,147997,"unconstrained dating","line"
7.5,149138,"unconstrained dating","line"
7.52,150329,"unconstrained dating","line"
7.54,151454,"unconstrained dating","line"
7.56,152629,"unconstrained dating","line"
7.58,153763,"unconstrained dating","line"
7.6,154917,"unconstrained dating","line"
7.62,156116,"unconstrained dating","line"
7.64,157340,"unconstrained dating","line"
7.66,158525,"unconstrained dating","line"
7.68,159677,"unconstrained dating","line"
7.7,160891,"unconstrained dating","line"
7.72,162139,"unconstrained dating","line"
7.74,163334,"unconstrained dating","line"
7.76,164612,"unconstrained dating","line"
7.78,165800,"unconstrained dating","line"
7.8,167064,"unconstrained dating","line"
7.82,168331,"unconstrained dating","line"
7.84,169611,"unconstrained dating","line"
7.86,170854,"unconstrained dating","line"
7.88,172116,"unconstrained dating","line"
7.9,173376,"unconstrained dating","line"
7.92,174646,"unconstrained dating","line"
7.94,175901,"unconstrained dating","line"
7.96,177241,"unconstrained dating","line"
7.98,178477,"unconstrained dating","line"
8,179762,"unconstrained dating","line"
8.02,181051,"unconstrained dating","line"
8.04,182380,"unconstrained dating","line"
8.06,183677,"unconstrained dating","line"
8.08,184900,"unconstrained dating","line"
8.1,186199,"unconstrained dating","line"
8.12,187525,"unconstrained dating","line"
8.14,188844,"unconstrained dating","line"
8.16,190178,"unconstrained dating","line"
8.18,191523,"unconstrained dating","line"
8.2,192852,"unconstrained dating","line"
8.22,194233,"unconstrained dating","line"
8.24,195565,"unconstrained dating","line"
8.26,196906,"unconstrained dating","line"
8.28,198257,"unconstrained dating","line"
8.3,199608,"unconstrained dating","line"
8.32,200897,"unconstrained dating","line"
8.34,202217,"unconstrained dating","line"
8.36,203650,"unconstrained dating","line"
8.38,205047,"unconstrained dating","line"
8.4,206437,"unconstrained dating","line"
8.42,207854,"unconstrained dating","line"
8.44,209262,"unconstrained dating","line"
8.46,210675,"unconstrained dating","line"
8.48,212088,"unconstrained dating","line"
8.5,213477,"unconstrained dating","line"
8.52,214951,"unconstrained dating","line"
8.54,216427,"unconstrained dating","line"
8.56,217865,"unconstrained dating","line"
8.58,219282,"unconstrained dating","line"
8.6,220670,"unconstrained dating","line"
8.62,222135,"unconstrained dating","line"
8.64,223623,"unconstrained dating","line"
8.66,225091,"unconstrained dating","line"
8.68,226584,"unconstrained dating","line"
8.7,228137,"unconstrained dating","line"
8.72,229555,"unconstrained dating","line"
8.74,231097,"unconstrained dating","line"
8.76,232541,"unconstrained dating","line"
8.78,234079,"unconstrained dating","line"
8.8,235580,"unconstrained dating","line"
8.82,237081,"unconstrained dating","line"
8.84,238618,"unconstrained dating","line"
8.86,240193,"unconstrained dating","line"
8.88,241680,"unconstrained dating","line"
8.9,243249,"unconstrained dating","line"
8.92,244685,"unconstrained dating","line"
8.94,246254,"unconstrained dating","line"
8.96,247734,"unconstrained dating","line"
8.98,249289,"unconstrained dating","line"
9,250815,"unconstrained dating","line"
9.02,252411,"unconstrained dating","line"
9.04,253866,"unconstrained dating","line"
9.06,255371,"unconstrained dating","line"
9.08,256907,"unconstrained dating","line"
9.1,258422,"unconstrained dating","line"
9.12,259982,"unconstrained dating","line"
9.14,261490,"unconstrained dating","line"
9.16,263037,"unconstrained dating","line"
9.18,264646,"unconstrained dating","line"
9.2,266181,"unconstrained dating","line"
9.22,267815,"unconstrained dating","line"
9.24,269410,"unconstrained dating","line"
9.26,270935,"unconstrained dating","line"
9.28,272498,"unconstrained dating","line"
9.3,274088,"unconstrained dating","line"
9.32,275709,"unconstrained dating","line"
9.34,277313,"unconstrained dating","line"
9.36,278968,"unconstrained dating","line"
9.38,280569,"unconstrained dating","line"
9.4,282198,"unconstrained dating","line"
9.42,283777,"unconstrained dating","line"
9.44,285391,"unconstrained dating","line"
9.46,287014,"unconstrained dating","line"
9.48,288666,"unconstrained dating","line"
9.5,290331,"unconstrained dating","line"
9.52,291976,"unconstrained dating","line"
9.54,293622,"unconstrained dating","line"
9.56,295214,"unconstrained dating","line"
9.58,296850,"unconstrained dating","line"
9.6,298494,"unconstrained dating","line"
9.62,300217,"unconstrained dating","line"
9.64,301948,"unconstrained dating","line"
9.66,303629,"unconstrained dating","line"
9.68,305245,"unconstrained dating","line"
9.7,306905,"unconstrained dating","line"
9.72,308581,"unconstrained dating","line"
9.74,310186,"unconstrained dating","line"
9.76,311856,"unconstrained dating","line"
9.78,313519,"unconstrained dating","line"
9.8,315244,"unconstrained dating","line"
9.82,316872,"unconstrained dating","line"
9.84,318620,"unconstrained dating","line"
9.86,320291,"unconstrained dating","line"
9.88,322002,"unconstrained dating","line"
9.9,323669,"unconstrained dating","line"
9.92,325366,"unconstrained dating","line"
9.94,327063,"unconstrained dating","line"
9.96,328734,"unconstrained dating","line"
9.98,330394,"unconstrained dating","line"
10,332050,"unconstrained dating","line"
10.02,333716,"unconstrained dating","line"
10.04,335408,"unconstrained dating","line"
10.06,337090,"unconstrained dating","line"
10.08,338774,"unconstrained dating","line"
10.1,340534,"unconstrained dating","line"
10.12,342179,"unconstrained dating","line"
10.14,343946,"unconstrained dating","line"
10.16,345652,"unconstrained dating","line"
10.18,347356,"unconstrained dating","line"
10.2,349063,"unconstrained dating","line"
10.22,350784,"unconstrained dating","line"
10.24,352502,"unconstrained dating","line"
10.26,354215,"unconstrained dating","line"
10.28,355916,"unconstrained dating","line"
10.3,357675,"unconstrained dating","line"
10.32,359400,"unconstrained dating","line"
10.34,361098,"unconstrained dating","line"
10.36,362776,"unconstrained dating","line"
10.38,364556,"unconstrained dating","line"
10.4,366283,"unconstrained dating","line"
10.42,368022,"unconstrained dating","line"
10.44,369793,"unconstrained dating","line"
10.46,371577,"unconstrained dating","line"
10.48,373323,"unconstrained dating","line"
10.5,375023,"unconstrained dating","line"
10.52,376871,"unconstrained dating","line"
10.54,378569,"unconstrained dating","line"
10.56,380267,"unconstrained dating","line"
10.58,381996,"unconstrained dating","line"
10.6,383846,"unconstrained dating","line"
10.62,385638,"unconstrained dating","line"
10.64,387401,"unconstrained dating","line"
10.66,389114,"unconstrained dating","line"
10.68,390823,"unconstrained dating","line"
10.7,392573,"unconstrained dating","line"
10.72,394308,"unconstrained dating","line"
10.74,395993,"unconstrained dating","line"
10.76,397715,"unconstrained dating","line"
10.78,399468,"unconstrained dating","line"
10.8,401151,"unconstrained dating","line"
10.82,402834,"unconstrained dating","line"
10.84,404651,"unconstrained dating","line"
10.86,406434,"unconstrained dating","line"
10.88,408130,"unconstrained dating","line"
10.9,409791,"unconstrained dating","line"
10.92,411500,"unconstrained dating","line"
10.94,413235,"unconstrained dating","line"
10.96,414940,"unconstrained dating","line"
10.98,416624,"unconstrained dating","line"
11,418394,"unconstrained dating","line"
11.02,420176,"unconstrained dating","line"
11.04,421954,"unconstrained dating","line"
11.06,423687,"unconstrained dating","line"
11.08,425399,"unconstrained dating","line"
11.1,427179,"unconstrained dating","line"
11.12,428929,"unconstrained dating","line"
11.14,430662,"unconstrained dating","line"
11.16,432373,"unconstrained dating","line"
11.18,434159,"unconstrained dating","line"
11.2,435820,"unconstrained dating","line"
11.22,437558,"unconstrained dating","line"
11.24,439329,"unconstrained dating","line"
11.26,440984,"unconstrained dating","line"
11.28,442714,"unconstrained dating","line"
11.3,444382,"unconstrained dating","line"
11.32,446075,"unconstrained dating","line"
11.34,447743,"unconstrained dating","line"
11.36,449541,"unconstrained dating","line"
11.38,451224,"unconstrained dating","line"
11.4,452980,"unconstrained dating","line"
11.42,454740,"unconstrained dating","line"
11.44,456486,"unconstrained dating","line"
11.46,458239,"unconstrained dating","line"
11.48,459972,"unconstrained dating","line"
11.5,461763,"unconstrained dating","line"
11.52,463568,"unconstrained dating","line"
11.54,465318,"unconstrained dating","line"
11.56,467021,"unconstrained dating","line"
11.58,468801,"unconstrained dating","line"
11.6,470631,"unconstrained dating","line"
11.62,472469,"unconstrained dating","line"
11.64,474213,"unconstrained dating","line"
11.66,475931,"unconstrained dating","line"
11.68,477789,"unconstrained dating","line"
11.7,479534,"unconstrained dating","line"
11.72,481258,"unconstrained dating","line"
11.74,482946,"unconstrained dating","line"
11.76,484771,"unconstrained dating","line"
11.78,486565,"unconstrained dating","line"
11.8,488290,"unconstrained dating","line"
11.82,490059,"unconstrained dating","line"
11.84,491944,"unconstrained dating","line"
11.86,493639,"unconstrained dating","line"
11.88,495341,"unconstrained dating","line"
11.9,497103,"unconstrained dating","line"
11.92,499091,"unconstrained dating","line"
11.94,500874,"unconstrained dating","line"
11.96,502685,"unconstrained dating","line"
11.98,504476,"unconstrained dating","line"
12,506253,"unconstrained dating","line"
12.02,508197,"unconstrained dating","line"
12.04,509963,"unconstrained dating","line"
12.06,511709,"unconstrained dating","line"
12.08,513484,"unconstrained dating","line"
12.1,515465,"unconstrained dating","line"
12.12,517234,"unconstrained dating","line"
12.14,519072,"unconstrained dating","line"
12.16,520855,"unconstrained dating","line"
12.18,522898,"unconstrained dating","line"
12.2,524698,"unconstrained dating","line"
12.22,526513,"unconstrained dating","line"
12.24,528303,"unconstrained dating","line"
12.26,530463,"unconstrained dating","line"
12.28,532381,"unconstrained dating","line"
12.3,534222,"unconstrained dating","line"
12.32,536125,"unconstrained dating","line"
12.34,538248,"unconstrained dating","line"
12.36,540175,"unconstrained dating","line"
12.38,541990,"unconstrained dating","line"
12.4,543908,"unconstrained dating","line"
12.42,546154,"unconstrained dating","line"
12.44,548011,"unconstrained dating","line"
12.46,549954,"unconstrained dating","line"
12.48,551900,"unconstrained dating","line"
12.5,553901,"unconstrained dating","line"
12.52,556125,"unconstrained dating","line"
12.54,557959,"unconstrained dating","line"
12.56,559928,"unconstrained dating","line"
12.58,561883,"unconstrained dating","line"
12.6,564344,"unconstrained dating","line"
12.62,566233,"unconstrained dating","line"
12.64,568169,"unconstrained dating","line"
12.66,570152,"unconstrained dating","line"
12.68,572654,"unconstrained dating","line"
12.7,574591,"unconstrained dating","line"
12.72,576580,"unconstrained dating","line"
12.74,578624,"unconstrained dating","line"
12.76,581231,"unconstrained dating","line"
12.78,583079,"unconstrained dating","line"
12.8,584986,"unconstrained dating","line"
12.82,586878,"unconstrained dating","line"
12.84,589566,"unconstrained dating","line"
12.86,591468,"unconstrained dating","line"
12.88,593333,"unconstrained dating","line"
12.9,595289,"unconstrained dating","line"
12.92,597996,"unconstrained dating","line"
12.94,599845,"unconstrained dating","line"
12.96,601702,"unconstrained dating","line"
12.98,603611,"unconstrained dating","line"
13,605860,"unconstrained dating","line"
13.02,608379,"unconstrained dating","line"
13.04,610199,"unconstrained dating","line"
13.06,612019,"unconstrained dating","line"
13.08,613834,"unconstrained dating","line"
13.1,616829,"unconstrained dating","line"
13.12,618512,"unconstrained dating","line"
13.14,620289,"unconstrained dating","line"
13.16,622012,"unconstrained dating","line"
13.18,625084,"unconstrained dating","line"
13.2,626662,"unconstrained dating","line"
13.22,628304,"unconstrained dating","line"
13.24,629886,"unconstrained dating","line"
13.26,633228,"unconstrained dating","line"
13.28,634684,"unconstrained dating","line"
13.3,636086,"unconstrained dating","line"
13.32,637438,"unconstrained dating","line"
13.34,641479,"unconstrained dating","line"
13.36,642478,"unconstrained dating","line"
13.38,643517,"unconstrained dating","line"
13.4,644569,"unconstrained dating","line"
13.42,655701,"unconstrained dating","line"
13.44,655701,"unconstrained dating","line"
1.5,2,"constrained dating","line"
1.52,4,"constrained dating","line"
1.54,4,"constrained dating","line"
1.56,4,"constrained dating","line"
1.58,4,"constrained dating","line"
1.6,4,"constrained dating","line"
1.62,4,"constrained dating","line"
1.64,4,"constrained dating","line"
1.66,4,"constrained dating","line"
1.68,4,"constrained dating","line"
1.7,4,"constrained dating","line"
1.72,4,"constrained dating","line"
1.74,4,"constrained dating","line"
1.76,4,"constrained dating","line"
1.78,4,"constrained dating","line"
1.8,4,"constrained dating","line"
1.82,4,"constrained dating","line"
1.84,4,"constrained dating","line"
1.86,4,"constrained dating","line"
1.88,4,"constrained dating","line"
1.9,4,"constrained dating","line"
1.92,4,"constrained dating","line"
1.94,4,"constrained dating","line"
1.96,4,"constrained dating","line"
1.98,4,"constrained dating","line"
2,4,"constrained dating","line"
2.02,4,"constrained dating","line"
2.04,4,"constrained dating","line"
2.06,4,"constrained dating","line"
2.08,4,"constrained dating","line"
2.1,4,"constrained dating","line"
2.12,4,"constrained dating","line"
2.14,4,"constrained dating","line"
2.16,4,"constrained dating","line"
2.18,4,"constrained dating","line"
2.2,4,"constrained dating","line"
2.22,4,"constrained dating","line"
2.24,4,"constrained dating","line"
2.26,4,"constrained dating","line"
2.28,4,"constrained dating","line"
2.3,4,"constrained dating","line"
2.32,4,"constrained dating","line"
2.34,4,"constrained dating","line"
2.36,4,"constrained dating","line"
2.38,4,"constrained dating","line"
2.4,4,"constrained dating","line"
2.42,4,"constrained dating","line"
2.44,4,"constrained dating","line"
2.46,4,"constrained dating","line"
2.48,4,"constrained dating","line"
2.5,4,"constrained dating","line"
2.52,4,"constrained dating","line"
2.54,4,"constrained dating","line"
2.56,4,"constrained dating","line"
2.58,4,"constrained dating","line"
2.6,4,"constrained dating","line"
2.62,4,"constrained dating","line"
2.64,4,"constrained dating","line"
2.66,4,"constrained dating","line"
2.68,4,"constrained dating","line"
2.7,4,"constrained dating","line"
2.72,4,"constrained dating","line"
2.74,4,"constrained dating","line"
2.76,4,"constrained dating","line"
2.78,4,"constrained dating","line"
2.8,4,"constrained dating","line"
2.82,4,"constrained dating","line"
2.84,4,"constrained dating","line"
2.86,4,"constrained dating","line"
2.88,4,"constrained dating","line"
2.9,4,"constrained dating","line"
2.92,4,"constrained dating","line"
2.94,4,"constrained dating","line"
2.96,4,"constrained dating","line"
2.98,4,"constrained dating","line"
3,4,"constrained dating","line"
3.02,4,"constrained dating","line"
3.04,4,"constrained dating","line"
3.06,4,"constrained dating","line"
3.08,4,"constrained dating","line"
3.1,4,"constrained dating","line"
3.12,4,"constrained dating","line"
3.14,4,"constrained dating","line"
3.16,4,"constrained dating","line"
3.18,4,"constrained dating","line"
3.2,4,"constrained dating","line"
3.22,4,"constrained dating","line"
3.24,4,"constrained dating","line"
3.26,4,"constrained dating","line"
3.28,4,"constrained dating","line"
3.3,4,"constrained dating","line"
3.32,4,"constrained dating","line"
3.34,4,"constrained dating","line"
3.36,4,"constrained dating","line"
3.38,4,"constrained dating","line"
3.4,4,"constrained dating","line"
3.42,4,"constrained dating","line"
3.44,4,"constrained dating","line"
3.46,4,"constrained dating","line"
3.48,4,"constrained dating","line"
3.5,4,"constrained dating","line"
3.52,4,"constrained dating","line"
3.54,4,"constrained dating","line"
3.56,4,"constrained dating","line"
3.58,4,"constrained dating","line"
3.6,4,"constrained dating","line"
3.62,4,"constrained dating","line"
3.64,4,"constrained dating","line"
3.66,4,"constrained dating","line"
3.68,4,"constrained dating","line"
3.7,4,"constrained dating","line"
3.72,4,"constrained dating","line"
3.74,4,"constrained dating","line"
3.76,4,"constrained dating","line"
3.78,4,"constrained dating","line"
3.8,4,"constrained dating","line"
3.82,4,"constrained dating","line"
3.84,4,"constrained dating","line"
3.86,4,"constrained dating","line"
3.88,4,"constrained dating","line"
3.9,4,"constrained dating","line"
3.92,4,"constrained dating","line"
3.94,4,"constrained dating","line"
3.96,4,"constrained dating","line"
3.98,4,"constrained dating","line"
4,4,"constrained dating","line"
4.02,4,"constrained dating","line"
4.04,4,"constrained dating","line"
4.06,4,"constrained dating","line"
4.08,4,"constrained dating","line"
4.1,4,"constrained dating","line"
4.12,4,"constrained dating","line"
4.14,4,"constrained dating","line"
4.16,4,"constrained dating","line"
4.18,4,"constrained dating","line"
4.2,4,"constrained dating","line"
4.22,4,"constrained dating","line"
4.24,4,"constrained dating","line"
4.26,4,"constrained dating","line"
4.28,4,"constrained dating","line"
4.3,5,"constrained dating","line"
4.32,5,"constrained dating","line"
4.34,5,"constrained dating","line"
4.36,5,"constrained dating","line"
4.38,5,"constrained dating","line"
4.4,5,"constrained dating","line"
4.42,5,"constrained dating","line"
4.44,5,"constrained dating","line"
4.46,5,"constrained dating","line"
4.48,5,"constrained dating","line"
4.5,5,"constrained dating","line"
4.52,5,"constrained dating","line"
4.54,5,"constrained dating","line"
4.56,5,"constrained dating","line"
4.58,5,"constrained dating","line"
4.6,5,"constrained dating","line"
4.62,5,"constrained dating","line"
4.64,5,"constrained dating","line"
4.66,5,"constrained dating","line"
4.68,5,"constrained dating","line"
4.7,5,"constrained dating","line"
4.72,5,"constrained dating","line"
4.74,5,"constrained dating","line"
4.76,5,"constrained dating","line"
4.78,5,"constrained dating","line"
4.8,5,"constrained dating","line"
4.82,5,"constrained dating","line"
4.84,5,"constrained dating","line"
4.86,5,"constrained dating","line"
4.88,5,"constrained dating","line"
4.9,5,"constrained dating","line"
4.92,6,"constrained dating","line"
4.94,6,"constrained dating","line"
4.96,6,"constrained dating","line"
4.98,7,"constrained dating","line"
5,7,"constrained dating","line"
5.02,7,"constrained dating","line"
5.04,7,"constrained dating","line"
5.06,7,"constrained dating","line"
5.08,7,"constrained dating","line"
5.1,7,"constrained dating","line"
5.12,7,"constrained dating","line"
5.14,7,"constrained dating","line"
5.16,7,"constrained dating","line"
5.18,7,"constrained dating","line"
5.2,7,"constrained dating","line"
5.22,8,"constrained dating","line"
5.24,8,"constrained dating","line"
5.26,9,"constrained dating","line"
5.28,9,"constrained dating","line"
5.3,10,"constrained dating","line"
5.32,10,"constrained dating","line"
5.34,10,"constrained dating","line"
5.36,10,"constrained dating","line"
5.38,12,"constrained dating","line"
5.4,12,"constrained dating","line"
5.42,12,"constrained dating","line"
5.44,12,"constrained dating","line"
5.46,13,"constrained dating","line"
5.48,15,"constrained dating","line"
5.5,15,"constrained dating","line"
5.52,15,"constrained dating","line"
5.54,16,"constrained dating","line"
5.56,19,"constrained dating","line"
5.58,19,"constrained dating","line"
5.6,19,"constrained dating","line"
5.62,20,"constrained dating","line"
5.64,22,"constrained dating","line"
5.66,23,"constrained dating","line"
5.68,24,"constrained dating","line"
5.7,32,"constrained dating","line"
5.72,35,"constrained dating","line"
5.74,37,"constrained dating","line"
5.76,39,"constrained dating","line"
5.78,40,"constrained dating","line"
5.8,60,"constrained dating","line"
5.82,62,"constrained dating","line"
5.84,64,"constrained dating","line"
5.86,68,"constrained dating","line"
5.88,81,"constrained dating","line"
5.9,84,"constrained dating","line"
5.92,88,"constrained dating","line"
5.94,94,"constrained dating","line"
5.96,113,"constrained dating","line"
5.98,123,"constrained dating","line"
6,132,"constrained dating","line"
6.02,136,"constrained dating","line"
6.04,156,"constrained dating","line"
6.06,161,"constrained dating","line"
6.08,172,"constrained dating","line"
6.1,181,"constrained dating","line"
6.12,212,"constrained dating","line"
6.14,221,"constrained dating","line"
6.16,234,"constrained dating","line"
6.18,247,"constrained dating","line"
6.2,264,"constrained dating","line"
6.22,280,"constrained dating","line"
6.24,294,"constrained dating","line"
6.26,317,"constrained dating","line"
6.28,333,"constrained dating","line"
6.3,358,"constrained dating","line"
6.32,383,"constrained dating","line"
6.34,413,"constrained dating","line"
6.36,438,"constrained dating","line"
6.38,469,"constrained dating","line"
6.4,494,"constrained dating","line"
6.42,531,"constrained dating","line"
6.44,563,"constrained dating","line"
6.46,594,"constrained dating","line"
6.48,625,"constrained dating","line"
6.5,656,"constrained dating","line"
6.52,705,"constrained dating","line"
6.54,768,"constrained dating","line"
6.56,829,"constrained dating","line"
6.58,896,"constrained dating","line"
6.6,968,"constrained dating","line"
6.62,1046,"constrained dating","line"
6.64,1128,"constrained dating","line"
6.66,1213,"constrained dating","line"
6.68,1305,"constrained dating","line"
6.7,1409,"constrained dating","line"
6.72,1508,"constrained dating","line"
6.74,1627,"constrained dating","line"
6.76,1749,"constrained dating","line"
6.78,1882,"constrained dating","line"
6.8,2006,"constrained dating","line"
6.82,2174,"constrained dating","line"
6.84,2345,"constrained dating","line"
6.86,2514,"constrained dating","line"
6.88,2681,"constrained dating","line"
6.9,2876,"constrained dating","line"
6.92,3041,"constrained dating","line"
6.94,3254,"constrained dating","line"
6.96,3445,"constrained dating","line"
6.98,3682,"constrained dating","line"
7,3848,"constrained dating","line"
7.02,4117,"constrained dating","line"
7.04,4368,"constrained dating","line"
7.06,4638,"constrained dating","line"
7.08,4820,"constrained dating","line"
7.1,5154,"constrained dating","line"
7.12,5419,"constrained dating","line"
7.14,5679,"constrained dating","line"
7.16,5932,"constrained dating","line"
7.18,6319,"constrained dating","line"
7.2,6684,"constrained dating","line"
7.22,6999,"constrained dating","line"
7.24,7317,"constrained dating","line"
7.26,7722,"constrained dating","line"
7.28,8162,"constrained dating","line"
7.3,8496,"constrained dating","line"
7.32,8866,"constrained dating","line"
7.34,9372,"constrained dating","line"
7.36,9850,"constrained dating","line"
7.38,10255,"constrained dating","line"
7.4,10656,"constrained dating","line"
7.42,11179,"constrained dating","line"
7.44,11756,"constrained dating","line"
7.46,12237,"constrained dating","line"
7.48,12678,"constrained dating","line"
7.5,13173,"constrained dating","line"
7.52,13828,"constrained dating","line"
7.54,14412,"constrained dating","line"
7.56,14916,"constrained dating","line"
7.58,15391,"constrained dating","line"
7.6,16165,"constrained dating","line"
7.62,16819,"constrained dating","line"
7.64,17355,"constrained dating","line"
7.66,17884,"constrained dating","line"
7.68,18697,"constrained dating","line"
7.7,19419,"constrained dating","line"
7.72,20043,"constrained dating","line"
7.74,20629,"constrained dating","line"
7.76,21495,"constrained dating","line"
7.78,22276,"constrained dating","line"
7.8,22910,"constrained dating","line"
7.82,23544,"constrained dating","line"
7.84,24484,"constrained dating","line"
7.86,25309,"constrained dating","line"
7.88,26008,"constrained dating","line"
7.9,26699,"constrained dating","line"
7.92,27654,"constrained dating","line"
7.94,28526,"constrained dating","line"
7.96,29293,"constrained dating","line"
7.98,30004,"constrained dating","line"
8,30823,"constrained dating","line"
8.02,31769,"constrained dating","line"
8.04,32675,"constrained dating","line"
8.06,33466,"constrained dating","line"
8.08,34254,"constrained dating","line"
8.1,35315,"constrained dating","line"
8.12,36191,"constrained dating","line"
8.14,37040,"constrained dating","line"
8.16,37900,"constrained dating","line"
8.18,38980,"constrained dating","line"
8.2,39919,"constrained dating","line"
8.22,40813,"constrained dating","line"
8.24,41733,"constrained dating","line"
8.26,42903,"constrained dating","line"
8.28,43867,"constrained dating","line"
8.3,44855,"constrained dating","line"
8.32,45811,"constrained dating","line"
8.34,46942,"constrained dating","line"
8.36,47976,"constrained dating","line"
8.38,48975,"constrained dating","line"
8.4,50012,"constrained dating","line"
8.42,51181,"constrained dating","line"
8.44,52228,"constrained dating","line"
8.46,53295,"constrained dating","line"
8.48,54378,"constrained dating","line"
8.5,55472,"constrained dating","line"
8.52,56623,"constrained dating","line"
8.54,57702,"constrained dating","line"
8.56,58822,"constrained dating","line"
8.58,59944,"constrained dating","line"
8.6,61143,"constrained dating","line"
8.62,62283,"constrained dating","line"
8.64,63416,"constrained dating","line"
8.66,64609,"constrained dating","line"
8.68,65831,"constrained dating","line"
8.7,67061,"constrained dating","line"
8.72,68299,"constrained dating","line"
8.74,69606,"constrained dating","line"
8.76,70903,"constrained dating","line"
8.78,72134,"constrained dating","line"
8.8,73377,"constrained dating","line"
8.82,74693,"constrained dating","line"
8.84,76040,"constrained dating","line"
8.86,77336,"constrained dating","line"
8.88,78612,"constrained dating","line"
8.9,79941,"constrained dating","line"
8.92,81329,"constrained dating","line"
8.94,82618,"constrained dating","line"
8.96,84005,"constrained dating","line"
8.98,85376,"constrained dating","line"
9,86777,"constrained dating","line"
9.02,88169,"constrained dating","line"
9.04,89607,"constrained dating","line"
9.06,91067,"constrained dating","line"
9.08,92444,"constrained dating","line"
9.1,93862,"constrained dating","line"
9.12,95363,"constrained dating","line"
9.14,96840,"constrained dating","line"
9.16,98295,"constrained dating","line"
9.18,99755,"constrained dating","line"
9.2,101229,"constrained dating","line"
9.22,102750,"constrained dating","line"
9.24,104281,"constrained dating","line"
9.26,105816,"constrained dating","line"
9.28,107428,"constrained dating","line"
9.3,109021,"constrained dating","line"
9.32,110563,"constrained dating","line"
9.34,112186,"constrained dating","line"
9.36,113812,"constrained dating","line"
9.38,115421,"constrained dating","line"
9.4,116997,"constrained dating","line"
9.42,118609,"constrained dating","line"
9.44,120290,"constrained dating","line"
9.46,122051,"constrained dating","line"
9.48,123727,"constrained dating","line"
9.5,125412,"constrained dating","line"
9.52,127121,"constrained dating","line"
9.54,128835,"constrained dating","line"
9.56,130625,"constrained dating","line"
9.58,132374,"constrained dating","line"
9.6,134181,"constrained dating","line"
9.62,135926,"constrained dating","line"
9.64,137718,"constrained dating","line"
9.66,139530,"constrained dating","line"
9.68,141421,"constrained dating","line"
9.7,143175,"constrained dating","line"
9.72,145025,"constrained dating","line"
9.74,146856,"constrained dating","line"
9.76,148773,"constrained dating","line"
9.78,150630,"constrained dating","line"
9.8,152562,"constrained dating","line"
9.82,154414,"constrained dating","line"
9.84,156327,"constrained dating","line"
9.86,158241,"constrained dating","line"
9.88,160215,"constrained dating","line"
9.9,162217,"constrained dating","line"
9.92,164283,"constrained dating","line"
9.94,166229,"constrained dating","line"
9.96,168249,"constrained dating","line"
9.98,170407,"constrained dating","line"
10,172463,"constrained dating","line"
10.02,174394,"constrained dating","line"
10.04,176432,"constrained dating","line"
10.06,178563,"constrained dating","line"
10.08,180757,"constrained dating","line"
10.1,182882,"constrained dating","line"
10.12,184942,"constrained dating","line"
10.14,187090,"constrained dating","line"
10.16,189178,"constrained dating","line"
10.18,191220,"constrained dating","line"
10.2,193428,"constrained dating","line"
10.22,195639,"constrained dating","line"
10.24,197841,"constrained dating","line"
10.26,200098,"constrained dating","line"
10.28,202322,"constrained dating","line"
10.3,204587,"constrained dating","line"
10.32,206859,"constrained dating","line"
10.34,209073,"constrained dating","line"
10.36,211308,"constrained dating","line"
10.38,213538,"constrained dating","line"
10.4,215885,"constrained dating","line"
10.42,218182,"constrained dating","line"
10.44,220486,"constrained dating","line"
10.46,222841,"constrained dating","line"
10.48,225290,"constrained dating","line"
10.5,227667,"constrained dating","line"
10.52,230048,"constrained dating","line"
10.54,232479,"constrained dating","line"
10.56,234905,"constrained dating","line"
10.58,237348,"constrained dating","line"
10.6,239769,"constrained dating","line"
10.62,242225,"constrained dating","line"
10.64,244640,"constrained dating","line"
10.66,247073,"constrained dating","line"
10.68,249608,"constrained dating","line"
10.7,252069,"constrained dating","line"
10.72,254609,"constrained dating","line"
10.74,257090,"constrained dating","line"
10.76,259591,"constrained dating","line"
10.78,262096,"constrained dating","line"
10.8,264660,"constrained dating","line"
10.82,267105,"constrained dating","line"
10.84,269666,"constrained dating","line"
10.86,272173,"constrained dating","line"
10.88,274791,"constrained dating","line"
10.9,277377,"constrained dating","line"
10.92,279967,"constrained dating","line"
10.94,282572,"constrained dating","line"
10.96,285285,"constrained dating","line"
10.98,287943,"constrained dating","line"
11,290617,"constrained dating","line"
11.02,293324,"constrained dating","line"
11.04,295980,"constrained dating","line"
11.06,298687,"constrained dating","line"
11.08,301286,"constrained dating","line"
11.1,304023,"constrained dating","line"
11.12,306724,"constrained dating","line"
11.14,309391,"constrained dating","line"
11.16,312067,"constrained dating","line"
11.18,314735,"constrained dating","line"
11.2,317504,"constrained dating","line"
11.22,320218,"constrained dating","line"
11.24,322843,"constrained dating","line"
11.26,325553,"constrained dating","line"
11.28,328300,"constrained dating","line"
11.3,331015,"constrained dating","line"
11.32,333671,"constrained dating","line"
11.34,336554,"constrained dating","line"
11.36,339341,"constrained dating","line"
11.38,342084,"constrained dating","line"
11.4,344805,"constrained dating","line"
11.42,347672,"constrained dating","line"
11.44,350348,"constrained dating","line"
11.46,353196,"constrained dating","line"
11.48,355949,"constrained dating","line"
11.5,358749,"constrained dating","line"
11.52,361602,"constrained dating","line"
11.54,364408,"constrained dating","line"
11.56,367101,"constrained dating","line"
11.58,369854,"constrained dating","line"
11.6,372812,"constrained dating","line"
11.62,375602,"constrained dating","line"
11.64,378390,"constrained dating","line"
11.66,381169,"constrained dating","line"
11.68,384129,"constrained dating","line"
11.7,386914,"constrained dating","line"
11.72,389691,"constrained dating","line"
11.74,392463,"constrained dating","line"
11.76,395392,"constrained dating","line"
11.78,398172,"constrained dating","line"
11.8,400977,"constrained dating","line"
11.82,403693,"constrained dating","line"
11.84,406621,"constrained dating","line"
11.86,409402,"constrained dating","line"
11.88,412153,"constrained dating","line"
11.9,414966,"constrained dating","line"
11.92,417981,"constrained dating","line"
11.94,420805,"constrained dating","line"
11.96,423513,"constrained dating","line"
11.98,426293,"constrained dating","line"
12,429009,"constrained dating","line"
12.02,432045,"constrained dating","line"
12.04,434770,"constrained dating","line"
12.06,437534,"constrained dating","line"
12.08,440235,"constrained dating","line"
12.1,443239,"constrained dating","line"
12.12,445988,"constrained dating","line"
12.14,448738,"constrained dating","line"
12.16,451398,"constrained dating","line"
12.18,454499,"constrained dating","line"
12.2,457287,"constrained dating","line"
12.22,460068,"constrained dating","line"
12.24,462792,"constrained dating","line"
12.26,465964,"constrained dating","line"
12.28,468803,"constrained dating","line"
12.3,471597,"constrained dating","line"
12.32,474248,"constrained dating","line"
12.34,477424,"constrained dating","line"
12.36,480147,"constrained dating","line"
12.38,482953,"constrained dating","line"
12.4,485746,"constrained dating","line"
12.42,489043,"constrained dating","line"
12.44,491784,"constrained dating","line"
12.46,494566,"constrained dating","line"
12.48,497401,"constrained dating","line"
12.5,500202,"constrained dating","line"
12.52,503668,"constrained dating","line"
12.54,506469,"constrained dating","line"
12.56,509345,"constrained dating","line"
12.58,512182,"constrained dating","line"
12.6,515716,"constrained dating","line"
12.62,518512,"constrained dating","line"
12.64,521292,"constrained dating","line"
12.66,524090,"constrained dating","line"
12.68,527785,"constrained dating","line"
12.7,530714,"constrained dating","line"
12.72,533620,"constrained dating","line"
12.74,536469,"constrained dating","line"
12.76,540318,"constrained dating","line"
12.78,543355,"constrained dating","line"
12.8,546264,"constrained dating","line"
12.82,549088,"constrained dating","line"
12.84,553253,"constrained dating","line"
12.86,556285,"constrained dating","line"
12.88,559187,"constrained dating","line"
12.9,562146,"constrained dating","line"
12.92,566559,"constrained dating","line"
12.94,569562,"constrained dating","line"
12.96,572534,"constrained dating","line"
12.98,575505,"constrained dating","line"
13,578736,"constrained dating","line"
13.02,583059,"constrained dating","line"
13.04,585989,"constrained dating","line"
13.06,588854,"constrained dating","line"
13.08,591721,"constrained dating","line"
13.1,596511,"constrained dating","line"
13.12,599355,"constrained dating","line"
13.14,602084,"constrained dating","line"
13.16,604823,"constrained dating","line"
13.18,609883,"constrained dating","line"
13.2,612621,"constrained dating","line"
13.22,615217,"constrained dating","line"
13.24,617775,"constrained dating","line"
13.26,623239,"constrained dating","line"
13.28,625561,"constrained dating","line"
13.3,627820,"constrained dating","line"
13.32,630079,"constrained dating","line"
13.34,636344,"constrained dating","line"
13.36,638075,"constrained dating","line"
13.38,639808,"constrained dating","line"
13.4,641485,"constrained dating","line"
13.42,655701,"constrained dating","line"
13.44,655701,"constrained dating","line"
1.5,2.51984209978975,"cell ceiling, used (≤ E7.5)","line"
1.52,2.56685179512581,"cell ceiling, used (≤ E7.5)","line"
1.54,2.61473849440421,"cell ceiling, used (≤ E7.5)","line"
1.56,2.66351855884383,"cell ceiling, used (≤ E7.5)","line"
1.58,2.71320865489534,"cell ceiling, used (≤ E7.5)","line"
1.6,2.76382575993555,"cell ceiling, used (≤ E7.5)","line"
1.62,2.81538716806798,"cell ceiling, used (≤ E7.5)","line"
1.64,2.86791049603166,"cell ceiling, used (≤ E7.5)","line"
1.66,2.92141368922015,"cell ceiling, used (≤ E7.5)","line"
1.68,2.97591502781287,"cell ceiling, used (≤ E7.5)","line"
1.7,3.0314331330208,"cell ceiling, used (≤ E7.5)","line"
1.72,3.08798697344867,"cell ceiling, used (≤ E7.5)","line"
1.74,3.14559587157592,"cell ceiling, used (≤ E7.5)","line"
1.76,3.20427951035849,"cell ceiling, used (≤ E7.5)","line"
1.78,3.26405793995378,"cell ceiling, used (≤ E7.5)","line"
1.8,3.32495158457115,"cell ceiling, used (≤ E7.5)","line"
1.82,3.38698124945011,"cell ceiling, used (≤ E7.5)","line"
1.84,3.45016812796876,"cell ceiling, used (≤ E7.5)","line"
1.86,3.51453380888485,"cell ceiling, used (≤ E7.5)","line"
1.88,3.58010028371189,"cell ceiling, used (≤ E7.5)","line"
1.9,3.64688995423287,"cell ceiling, used (≤ E7.5)","line"
1.92,3.71492564015419,"cell ceiling, used (≤ E7.5)","line"
1.94,3.78423058690238,"cell ceiling, used (≤ E7.5)","line"
1.96,3.85482847356621,"cell ceiling, used (≤ E7.5)","line"
1.98,3.92674342098702,"cell ceiling, used (≤ E7.5)","line"
2,4,"cell ceiling, used (≤ E7.5)","line"
2.02,4.22807216224552,"cell ceiling, used (≤ E7.5)","line"
2.04,4.46914855228888,"cell ceiling, used (≤ E7.5)","line"
2.06,4.72397064571812,"cell ceiling, used (≤ E7.5)","line"
2.08,4.99332219560645,"cell ceiling, used (≤ E7.5)","line"
2.1,5.27803164309158,"cell ceiling, used (≤ E7.5)","line"
2.12,5.57897466540162,"cell ceiling, used (≤ E7.5)","line"
2.14,5.89707686916441,"cell ceiling, used (≤ E7.5)","line"
2.16,6.233316637284,"cell ceiling, used (≤ E7.5)","line"
2.18,6.58872813814059,"cell ceiling, used (≤ E7.5)","line"
2.2,6.964404506369,"cell ceiling, used (≤ E7.5)","line"
2.22,7.361501204999,"cell ceiling, used (≤ E7.5)","line"
2.24,7.78123957929829,"cell ceiling, used (≤ E7.5)","line"
2.26,8.22491061324853,"cell ceiling, used (≤ E7.5)","line"
2.28,8.69387890020847,"cell ceiling, used (≤ E7.5)","line"
2.3,9.18958683997627,"cell ceiling, used (≤ E7.5)","line"
2.32,9.71355907516038,"cell ceiling, used (≤ E7.5)","line"
2.34,10.2674071805032,"cell ceiling, used (≤ E7.5)","line"
2.36,10.8528346195814,"cell ceiling, used (≤ E7.5)","line"
2.38,11.4716419841266,"cell ceiling, used (≤ E7.5)","line"
2.4,12.1257325320832,"cell ceiling, used (≤ E7.5)","line"
2.42,12.817118041434,"cell ceiling, used (≤ E7.5)","line"
2.44,13.5479249978004,"cell ceiling, used (≤ E7.5)","line"
2.46,14.3204011348476,"cell ceiling, used (≤ E7.5)","line"
2.48,15.1369223476095,"cell ceiling, used (≤ E7.5)","line"
2.5,16,"cell ceiling, used (≤ E7.5)","line"
2.52,16.2233516766405,"cell ceiling, used (≤ E7.5)","line"
2.54,16.4498212264971,"cell ceiling, used (≤ E7.5)","line"
2.56,16.6794521734579,"cell ceiling, used (≤ E7.5)","line"
2.58,16.9122886489821,"cell ceiling, used (≤ E7.5)","line"
2.6,17.1483754005807,"cell ceiling, used (≤ E7.5)","line"
2.62,17.3877578004169,"cell ceiling, used (≤ E7.5)","line"
2.64,17.6304818540258,"cell ceiling, used (≤ E7.5)","line"
2.66,17.8765942091555,"cell ceiling, used (≤ E7.5)","line"
2.68,18.1261421647328,"cell ceiling, used (≤ E7.5)","line"
2.7,18.3791736799526,"cell ceiling, used (≤ E7.5)","line"
2.72,18.6357373834953,"cell ceiling, used (≤ E7.5)","line"
2.74,18.8958825828725,"cell ceiling, used (≤ E7.5)","line"
2.76,19.1596592739029,"cell ceiling, used (≤ E7.5)","line"
2.78,19.4271181503208,"cell ceiling, used (≤ E7.5)","line"
2.8,19.6983106135187,"cell ceiling, used (≤ E7.5)","line"
2.82,19.9732887824258,"cell ceiling, used (≤ E7.5)","line"
2.84,20.2521055035245,"cell ceiling, used (≤ E7.5)","line"
2.86,20.5348143610065,"cell ceiling, used (≤ E7.5)","line"
2.88,20.8214696870709,"cell ceiling, used (≤ E7.5)","line"
2.9,21.1121265723663,"cell ceiling, used (≤ E7.5)","line"
2.92,21.4068408765778,"cell ceiling, used (≤ E7.5)","line"
2.94,21.7056692391627,"cell ceiling, used (≤ E7.5)","line"
2.96,22.0086690902359,"cell ceiling, used (≤ E7.5)","line"
2.98,22.3158986616065,"cell ceiling, used (≤ E7.5)","line"
3,22.6274169979695,"cell ceiling, used (≤ E7.5)","line"
3.02,22.9432839682532,"cell ceiling, used (≤ E7.5)","line"
3.04,23.263560277125,"cell ceiling, used (≤ E7.5)","line"
3.06,23.5883074766576,"cell ceiling, used (≤ E7.5)","line"
3.08,23.917587978159,"cell ceiling, used (≤ E7.5)","line"
3.1,24.2514650641664,"cell ceiling, used (≤ E7.5)","line"
3.12,24.5900029006082,"cell ceiling, used (≤ E7.5)","line"
3.14,24.933266549136,"cell ceiling, used (≤ E7.5)","line"
3.16,25.2813219796281,"cell ceiling, used (≤ E7.5)","line"
3.18,25.6342360828679,"cell ceiling, used (≤ E7.5)","line"
3.2,25.9920766833995,"cell ceiling, used (≤ E7.5)","line"
3.22,26.3549125525623,"cell ceiling, used (≤ E7.5)","line"
3.24,26.7228134217078,"cell ceiling, used (≤ E7.5)","line"
3.26,27.0958499956009,"cell ceiling, used (≤ E7.5)","line"
3.28,27.4740939660081,"cell ceiling, used (≤ E7.5)","line"
3.3,27.857618025476,"cell ceiling, used (≤ E7.5)","line"
3.32,28.246495881301,"cell ceiling, used (≤ E7.5)","line"
3.34,28.6408022696951,"cell ceiling, used (≤ E7.5)","line"
3.36,29.0406129701492,"cell ceiling, used (≤ E7.5)","line"
3.38,29.446004819996,"cell ceiling, used (≤ E7.5)","line"
3.4,29.8570557291779,"cell ceiling, used (≤ E7.5)","line"
3.42,30.2738446952191,"cell ceiling, used (≤ E7.5)","line"
3.44,30.6964518184085,"cell ceiling, used (≤ E7.5)","line"
3.46,31.1249583171931,"cell ceiling, used (≤ E7.5)","line"
3.48,31.5594465437875,"cell ceiling, used (≤ E7.5)","line"
3.5,32,"cell ceiling, used (≤ E7.5)","line"
3.52,32.8996424529941,"cell ceiling, used (≤ E7.5)","line"
3.54,33.8245772979642,"cell ceiling, used (≤ E7.5)","line"
3.56,34.7755156008339,"cell ceiling, used (≤ E7.5)","line"
3.58,35.753188418311,"cell ceiling, used (≤ E7.5)","line"
3.6,36.7583473599051,"cell ceiling, used (≤ E7.5)","line"
3.62,37.791765165745,"cell ceiling, used (≤ E7.5)","line"
3.64,38.8542363006415,"cell ceiling, used (≤ E7.5)","line"
3.66,39.9465775648516,"cell ceiling, used (≤ E7.5)","line"
3.68,41.0696287220129,"cell ceiling, used (≤ E7.5)","line"
3.7,42.2242531447326,"cell ceiling, used (≤ E7.5)","line"
3.72,43.4113384783255,"cell ceiling, used (≤ E7.5)","line"
3.74,44.631797323213,"cell ceiling, used (≤ E7.5)","line"
3.76,45.8865679365065,"cell ceiling, used (≤ E7.5)","line"
3.78,47.1766149533153,"cell ceiling, used (≤ E7.5)","line"
3.8,48.5029301283327,"cell ceiling, used (≤ E7.5)","line"
3.82,49.866533098272,"cell ceiling, used (≤ E7.5)","line"
3.84,51.2684721657358,"cell ceiling, used (≤ E7.5)","line"
3.86,52.7098251051247,"cell ceiling, used (≤ E7.5)","line"
3.88,54.1916999912017,"cell ceiling, used (≤ E7.5)","line"
3.9,55.7152360509519,"cell ceiling, used (≤ E7.5)","line"
3.92,57.2816045393902,"cell ceiling, used (≤ E7.5)","line"
3.94,58.892009639992,"cell ceiling, used (≤ E7.5)","line"
3.96,60.5476893904381,"cell ceiling, used (≤ E7.5)","line"
3.98,62.2499166343862,"cell ceiling, used (≤ E7.5)","line"
4,64,"cell ceiling, used (≤ E7.5)","line"
4.02,64.5386669741536,"cell ceiling, used (≤ E7.5)","line"
4.04,65.081867731261,"cell ceiling, used (≤ E7.5)","line"
4.06,65.6296404306839,"cell ceiling, used (≤ E7.5)","line"
4.08,66.1820235529587,"cell ceiling, used (≤ E7.5)","line"
4.1,66.7390559024998,"cell ceiling, used (≤ E7.5)","line"
4.12,67.3007766103258,"cell ceiling, used (≤ E7.5)","line"
4.14,67.8672251368083,"cell ceiling, used (≤ E7.5)","line"
4.16,68.4384412744433,"cell ceiling, used (≤ E7.5)","line"
4.18,69.0144651506479,"cell ceiling, used (≤ E7.5)","line"
4.2,69.5953372305781,"cell ceiling, used (≤ E7.5)","line"
4.22,70.1810983199718,"cell ceiling, used (≤ E7.5)","line"
4.24,70.7717895680154,"cell ceiling, used (≤ E7.5)","line"
4.26,71.3674524702348,"cell ceiling, used (≤ E7.5)","line"
4.28,71.9681288714097,"cell ceiling, used (≤ E7.5)","line"
4.3,72.5738609685137,"cell ceiling, used (≤ E7.5)","line"
4.32,73.1846913136787,"cell ceiling, used (≤ E7.5)","line"
4.34,73.8006628171834,"cell ceiling, used (≤ E7.5)","line"
4.36,74.4218187504687,"cell ceiling, used (≤ E7.5)","line"
4.38,75.0482027491769,"cell ceiling, used (≤ E7.5)","line"
4.4,75.679858816217,"cell ceiling, used (≤ E7.5)","line"
4.42,76.3168313248561,"cell ceiling, used (≤ E7.5)","line"
4.44,76.9591650218366,"cell ceiling, used (≤ E7.5)","line"
4.46,77.6069050305194,"cell ceiling, used (≤ E7.5)","line"
4.48,78.2600968540541,"cell ceiling, used (≤ E7.5)","line"
4.5,78.918786378575,"cell ceiling, used (≤ E7.5)","line"
4.52,79.5830198764253,"cell ceiling, used (≤ E7.5)","line"
4.54,80.2528440094073,"cell ceiling, used (≤ E7.5)","line"
4.56,80.9283058320599,"cell ceiling, used (≤ E7.5)","line"
4.58,81.6094527949651,"cell ceiling, used (≤ E7.5)","line"
4.6,82.2963327480806,"cell ceiling, used (≤ E7.5)","line"
4.62,82.9889939441017,"cell ceiling, used (≤ E7.5)","line"
4.64,83.6874850418505,"cell ceiling, used (≤ E7.5)","line"
4.66,84.3918551096945,"cell ceiling, used (≤ E7.5)","line"
4.68,85.1021536289937,"cell ceiling, used (≤ E7.5)","line"
4.7,85.8184304975763,"cell ceiling, used (≤ E7.5)","line"
4.72,86.5407360332441,"cell ceiling, used (≤ E7.5)","line"
4.74,87.2691209773075,"cell ceiling, used (≤ E7.5)","line"
4.76,88.0036364981494,"cell ceiling, used (≤ E7.5)","line"
4.78,88.7443341948209,"cell ceiling, used (≤ E7.5)","line"
4.8,89.4912661006647,"cell ceiling, used (≤ E7.5)","line"
4.82,90.2444846869712,"cell ceiling, used (≤ E7.5)","line"
4.84,91.0040428666647,"cell ceiling, used (≤ E7.5)","line"
4.86,91.7699939980199,"cell ceiling, used (≤ E7.5)","line"
4.88,92.5423918884107,"cell ceiling, used (≤ E7.5)","line"
4.9,93.3212907980898,"cell ceiling, used (≤ E7.5)","line"
4.92,94.106745444001,"cell ceiling, used (≤ E7.5)","line"
4.94,94.8988110036223,"cell ceiling, used (≤ E7.5)","line"
4.96,95.6975431188425,"cell ceiling, used (≤ E7.5)","line"
4.98,96.5029978998701,"cell ceiling, used (≤ E7.5)","line"
5,97.3152319291743,"cell ceiling, used (≤ E7.5)","line"
5.02,98.134302265461,"cell ceiling, used (≤ E7.5)","line"
5.04,98.9602664476799,"cell ceiling, used (≤ E7.5)","line"
5.06,99.7931824990675,"cell ceiling, used (≤ E7.5)","line"
5.08,100.633108931223,"cell ceiling, used (≤ E7.5)","line"
5.1,101.480104748217,"cell ceiling, used (≤ E7.5)","line"
5.12,102.334229450741,"cell ceiling, used (≤ E7.5)","line"
5.14,103.195543040281,"cell ceiling, used (≤ E7.5)","line"
5.16,104.064106023338,"cell ceiling, used (≤ E7.5)","line"
5.18,104.939979415675,"cell ceiling, used (≤ E7.5)","line"
5.2,105.823224746606,"cell ceiling, used (≤ E7.5)","line"
5.22,106.713904063316,"cell ceiling, used (≤ E7.5)","line"
5.24,107.612079935221,"cell ceiling, used (≤ E7.5)","line"
5.26,108.517815458363,"cell ceiling, used (≤ E7.5)","line"
5.28,109.431174259843,"cell ceiling, used (≤ E7.5)","line"
5.3,110.35222050229,"cell ceiling, used (≤ E7.5)","line"
5.32,111.28101888837,"cell ceiling, used (≤ E7.5)","line"
5.34,112.217634665328,"cell ceiling, used (≤ E7.5)","line"
5.36,113.162133629576,"cell ceiling, used (≤ E7.5)","line"
5.38,114.11458213131,"cell ceiling, used (≤ E7.5)","line"
5.4,115.075047079177,"cell ceiling, used (≤ E7.5)","line"
5.42,116.04359594497,"cell ceiling, used (≤ E7.5)","line"
5.44,117.020296768369,"cell ceiling, used (≤ E7.5)","line"
5.46,118.005218161725,"cell ceiling, used (≤ E7.5)","line"
5.48,118.998429314874,"cell ceiling, used (≤ E7.5)","line"
5.5,120,"cell ceiling, used (≤ E7.5)","line"
5.52,123.575278117248,"cell ceiling, used (≤ E7.5)","line"
5.54,127.257078014626,"cell ceiling, used (≤ E7.5)","line"
5.56,131.048573400381,"cell ceiling, used (≤ E7.5)","line"
5.58,134.953032540173,"cell ceiling, used (≤ E7.5)","line"
5.6,138.973821074315,"cell ceiling, used (≤ E7.5)","line"
5.62,143.11440491896,"cell ceiling, used (≤ E7.5)","line"
5.64,147.378353253707,"cell ceiling, used (≤ E7.5)","line"
5.66,151.769341598241,"cell ceiling, used (≤ E7.5)","line"
5.68,156.291154980618,"cell ceiling, used (≤ E7.5)","line"
5.7,160.947691199965,"cell ceiling, used (≤ E7.5)","line"
5.72,165.742964186372,"cell ceiling, used (≤ E7.5)","line"
5.74,170.6811074609,"cell ceiling, used (≤ E7.5)","line"
5.76,175.766377698671,"cell ceiling, used (≤ E7.5)","line"
5.78,181.003158398121,"cell ceiling, used (≤ E7.5)","line"
5.8,186.395963659568,"cell ceiling, used (≤ E7.5)","line"
5.82,191.949442076363,"cell ceiling, used (≤ E7.5)","line"
5.84,197.668380741975,"cell ceiling, used (≤ E7.5)","line"
5.86,203.557709376464,"cell ceiling, used (≤ E7.5)","line"
5.88,209.622504575887,"cell ceiling, used (≤ E7.5)","line"
5.9,215.867994188328,"cell ceiling, used (≤ E7.5)","line"
5.92,222.299561820292,"cell ceiling, used (≤ E7.5)","line"
5.94,228.922751477375,"cell ceiling, used (≤ E7.5)","line"
5.96,235.743272343185,"cell ceiling, used (≤ E7.5)","line"
5.98,242.76700370066,"cell ceiling, used (≤ E7.5)","line"
6,250,"cell ceiling, used (≤ E7.5)","line"
6.02,259.898735044082,"cell ceiling, used (≤ E7.5)","line"
6.04,270.189409910056,"cell ceiling, used (≤ E7.5)","line"
6.06,280.887543431723,"cell ceiling, used (≤ E7.5)","line"
6.08,292.009268910178,"cell ceiling, used (≤ E7.5)","line"
6.1,303.57135844361,"cell ceiling, used (≤ E7.5)","line"
6.12,315.591248220431,"cell ceiling, used (≤ E7.5)","line"
6.14,328.087064813892,"cell ceiling, used (≤ E7.5)","line"
6.16,341.077652517826,"cell ceiling, used (≤ E7.5)","line"
6.18,354.582601764751,"cell ceiling, used (≤ E7.5)","line"
6.2,368.622278669194,"cell ceiling, used (≤ E7.5)","line"
6.22,383.217855740763,"cell ceiling, used (≤ E7.5)","line"
6.24,398.391343813319,"cell ceiling, used (≤ E7.5)","line"
6.26,414.165625238375,"cell ceiling, used (≤ E7.5)","line"
6.28,430.564488392781,"cell ceiling, used (≤ E7.5)","line"
6.3,447.612663552744,"cell ceiling, used (≤ E7.5)","line"
6.32,465.335860188283,"cell ceiling, used (≤ E7.5)","line"
6.34,483.760805734338,"cell ceiling, used (≤ E7.5)","line"
6.36,502.915285897042,"cell ceiling, used (≤ E7.5)","line"
6.38,522.828186555897,"cell ceiling, used (≤ E7.5)","line"
6.4,543.529537325076,"cell ceiling, used (≤ E7.5)","line"
6.42,565.05055683953,"cell ceiling, used (≤ E7.5)","line"
6.44,587.423699834193,"cell ceiling, used (≤ E7.5)","line"
6.46,610.682706087286,"cell ceiling, used (≤ E7.5)","line"
6.48,634.862651301531,"cell ceiling, used (≤ E7.5)","line"
6.5,660,"cell ceiling, used (≤ E7.5)","line"
6.52,712.673612159641,"cell ceiling, used (≤ E7.5)","line"
6.54,769.551026467679,"cell ceiling, used (≤ E7.5)","line"
6.56,830.967742081636,"cell ceiling, used (≤ E7.5)","line"
6.58,897.286033844634,"cell ceiling, used (≤ E7.5)","line"
6.6,968.897089212807,"cell ceiling, used (≤ E7.5)","line"
6.62,1046.22331572765,"cell ceiling, used (≤ E7.5)","line"
6.64,1129.72083264433,"cell ceiling, used (≤ E7.5)","line"
6.66,1219.88216141308,"cell ceiling, used (≤ E7.5)","line"
6.68,1317.23913088389,"cell ceiling, used (≤ E7.5)","line"
6.7,1422.36601437128,"cell ceiling, used (≤ E7.5)","line"
6.72,1535.88291708347,"cell ceiling, used (≤ E7.5)","line"
6.74,1658.45943389722,"cell ceiling, used (≤ E7.5)","line"
6.76,1790.81859905418,"cell ceiling, used (≤ E7.5)","line"
6.78,1933.74115107668,"cell ceiling, used (≤ E7.5)","line"
6.8,2088.07013805993,"cell ceiling, used (≤ E7.5)","line"
6.82,2254.71589050583,"cell ceiling, used (≤ E7.5)","line"
6.84,2434.6613910311,"cell ceiling, used (≤ E7.5)","line"
6.86,2628.96807262387,"cell ceiling, used (≤ E7.5)","line"
6.88,2838.78207965032,"cell ceiling, used (≤ E7.5)","line"
6.9,3065.34102854311,"cell ceiling, used (≤ E7.5)","line"
6.92,3309.98130804994,"cell ceiling, used (≤ E7.5)","line"
6.94,3574.1459621043,"cell ceiling, used (≤ E7.5)","line"
6.96,3859.39320181615,"cell ceiling, used (≤ E7.5)","line"
6.98,4167.40559679194,"cell ceiling, used (≤ E7.5)","line"
7,4500,"cell ceiling, used (≤ E7.5)","line"
7.02,4722.01827552582,"cell ceiling, used (≤ E7.5)","line"
7.04,4954.99035431106,"cell ceiling, used (≤ E7.5)","line"
7.06,5199.4566684691,"cell ceiling, used (≤ E7.5)","line"
7.08,5455.9843136257,"cell ceiling, used (≤ E7.5)","line"
7.1,5725.16836442727,"cell ceiling, used (≤ E7.5)","line"
7.12,6007.63325495284,"cell ceiling, used (≤ E7.5)","line"
7.14,6304.03422723198,"cell ceiling, used (≤ E7.5)","line"
7.16,6615.05885122882,"cell ceiling, used (≤ E7.5)","line"
7.18,6941.42861981805,"cell ceiling, used (≤ E7.5)","line"
7.2,7283.90062245306,"cell ceiling, used (≤ E7.5)","line"
7.22,7643.26930140826,"cell ceiling, used (≤ E7.5)","line"
7.24,8020.36829467005,"cell ceiling, used (≤ E7.5)","line"
7.26,8416.07236975106,"cell ceiling, used (≤ E7.5)","line"
7.28,8831.29945291386,"cell ceiling, used (≤ E7.5)","line"
7.3,9267.01275851118,"cell ceiling, used (≤ E7.5)","line"
7.32,9724.22302338238,"cell ceiling, used (≤ E7.5)","line"
7.34,10203.990851489,"cell ceiling, used (≤ E7.5)","line"
7.36,10707.4291742287,"cell ceiling, used (≤ E7.5)","line"
7.38,11235.7058321347,"cell ceiling, used (≤ E7.5)","line"
7.4,11790.0462839494,"cell ceiling, used (≤ E7.5)","line"
7.42,12371.7364493564,"cell ceiling, used (≤ E7.5)","line"
7.44,12982.1256919667,"cell ceiling, used (≤ E7.5)","line"
7.46,13622.6299494755,"cell ceiling, used (≤ E7.5)","line"
7.48,14294.7350182552,"cell ceiling, used (≤ E7.5)","line"
7.5,15000,"cell ceiling, used (≤ E7.5)","line"
7.5,15000,"cell ceiling, unused (> E7.5)","line"
7.52,16114.5175983129,"cell ceiling, unused (> E7.5)","line"
7.54,17311.8451617556,"cell ceiling, unused (> E7.5)","line"
7.56,18598.1355678918,"cell ceiling, unused (> E7.5)","line"
7.58,19979.9988603067,"cell ceiling, unused (> E7.5)","line"
7.6,21464.5362165789,"cell ceiling, unused (> E7.5)","line"
7.62,23059.3764401122,"cell ceiling, unused (> E7.5)","line"
7.64,24772.7151633539,"cell ceiling, unused (> E7.5)","line"
7.66,26613.3569638571,"cell ceiling, unused (> E7.5)","line"
7.68,28590.7606096171,"cell ceiling, unused (> E7.5)","line"
7.7,30715.0876661883,"cell ceiling, unused (> E7.5)","line"
7.72,32997.2547153675,"cell ceiling, unused (> E7.5)","line"
7.74,35448.9894537867,"cell ceiling, unused (> E7.5)","line"
7.76,38082.8909596967,"cell ceiling, unused (> E7.5)","line"
7.78,40912.4944376442,"cell ceiling, unused (> E7.5)","line"
7.8,43952.3407737528,"cell ceiling, unused (> E7.5)","line"
7.82,47218.0512590455,"cell ceiling, unused (> E7.5)","line"
7.84,50726.407864795,"cell ceiling, unused (> E7.5)","line"
7.86,54495.439482429,"cell ceiling, unused (> E7.5)","line"
7.88,58544.5145711595,"cell ceiling, unused (> E7.5)","line"
7.9,62894.4406894422,"cell ceiling, unused (> E7.5)","line"
7.92,67567.5714217371,"cell ceiling, unused (> E7.5)","line"
7.94,72587.9212500562,"cell ceiling, unused (> E7.5)","line"
7.96,77981.2889605984,"cell ceiling, unused (> E7.5)","line"
7.98,83775.3902196455,"cell ceiling, unused (> E7.5)","line"
8,90000,"cell ceiling, unused (> E7.5)","line"
8.02,90963.3283028352,"cell ceiling, unused (> E7.5)","line"
8.04,91936.9677325486,"cell ceiling, unused (> E7.5)","line"
8.06,92921.0286558109,"cell ceiling, unused (> E7.5)","line"
8.08,93915.6226206187,"cell ceiling, unused (> E7.5)","line"
8.1,94920.8623689392,"cell ceiling, unused (> E7.5)","line"
8.12,95936.8618494895,"cell ceiling, unused (> E7.5)","line"
8.14,96963.736230654,"cell ceiling, unused (> E7.5)","line"
8.16,98001.6019135386,"cell ceiling, unused (> E7.5)","line"
8.18,99050.5765451664,"cell ceiling, unused (> E7.5)","line"
8.2,100110.779031812,"cell ceiling, unused (> E7.5)","line"
8.22,101182.329552481,"cell ceiling, unused (> E7.5)","line"
8.24,102265.349572534,"cell ceiling, unused (> E7.5)","line"
8.26,103359.961857451,"cell ceiling, unused (> E7.5)","line"
8.28,104466.290486754,"cell ceiling, unused (> E7.5)","line"
8.3,105584.460868066,"cell ceiling, unused (> E7.5)","line"
8.32,106714.59975133,"cell ceiling, unused (> E7.5)","line"
8.34,107856.835243177,"cell ceiling, unused (> E7.5)","line"
8.36,109011.296821443,"cell ceiling, unused (> E7.5)","line"
8.38,110178.115349853,"cell ceiling, unused (> E7.5)","line"
8.4,111357.423092848,"cell ceiling, unused (> E7.5)","line"
8.42,112549.353730583,"cell ceiling, unused (> E7.5)","line"
8.44,113754.042374077,"cell ceiling, unused (> E7.5)","line"
8.46,114971.625580531,"cell ceiling, unused (> E7.5)","line"
8.48,116202.241368805,"cell ceiling, unused (> E7.5)","line"
8.5,117446.029235066,"cell ceiling, unused (> E7.5)","line"
8.52,118703.130168596,"cell ceiling, unused (> E7.5)","line"
8.54,119973.68666778,"cell ceiling, unused (> E7.5)","line"
8.56,121257.842756253,"cell ceiling, unused (> E7.5)","line"
8.58,122555.743999229,"cell ceiling, unused (> E7.5)","line"
8.6,123867.537520001,"cell ceiling, unused (> E7.5)","line"
8.62,125193.372016618,"cell ceiling, unused (> E7.5)","line"
8.64,126533.39777874,"cell ceiling, unused (> E7.5)","line"
8.66,127887.766704675,"cell ceiling, unused (> E7.5)","line"
8.68,129256.632318597,"cell ceiling, unused (> E7.5)","line"
8.7,130640.149787949,"cell ceiling, unused (> E7.5)","line"
8.72,132038.475941031,"cell ceiling, unused (> E7.5)","line"
8.74,133451.769284778,"cell ceiling, unused (> E7.5)","line"
8.76,134880.190022727,"cell ceiling, unused (> E7.5)","line"
8.78,136323.900073179,"cell ceiling, unused (> E7.5)","line"
8.8,137783.06308755,"cell ceiling, unused (> E7.5)","line"
8.82,139257.844468923,"cell ceiling, unused (> E7.5)","line"
8.84,140748.411390798,"cell ceiling, unused (> E7.5)","line"
8.86,142254.932816041,"cell ceiling, unused (> E7.5)","line"
8.88,143777.579516036,"cell ceiling, unused (> E7.5)","line"
8.9,145316.524090047,"cell ceiling, unused (> E7.5)","line"
8.92,146871.940984775,"cell ceiling, unused (> E7.5)","line"
8.94,148444.006514142,"cell ceiling, unused (> E7.5)","line"
8.96,150032.898879268,"cell ceiling, unused (> E7.5)","line"
8.98,151638.798188677,"cell ceiling, unused (> E7.5)","line"
9,153261.886478711,"cell ceiling, unused (> E7.5)","line"
9.02,154902.347734165,"cell ceiling, unused (> E7.5)","line"
9.04,156560.367909142,"cell ceiling, unused (> E7.5)","line"
9.06,158236.134948133,"cell ceiling, unused (> E7.5)","line"
9.08,159929.838807319,"cell ceiling, unused (> E7.5)","line"
9.1,161641.671476107,"cell ceiling, unused (> E7.5)","line"
9.12,163371.826998891,"cell ceiling, unused (> E7.5)","line"
9.14,165120.501497046,"cell ceiling, unused (> E7.5)","line"
9.16,166887.893191162,"cell ceiling, unused (> E7.5)","line"
9.18,168674.202423513,"cell ceiling, unused (> E7.5)","line"
9.2,170479.631680765,"cell ceiling, unused (> E7.5)","line"
9.22,172304.385616932,"cell ceiling, unused (> E7.5)","line"
9.24,174148.67107657,"cell ceiling, unused (> E7.5)","line"
9.26,176012.697118227,"cell ceiling, unused (> E7.5)","line"
9.28,177896.675038143,"cell ceiling, unused (> E7.5)","line"
9.3,179800.818394193,"cell ceiling, unused (> E7.5)","line"
9.32,181725.343030105,"cell ceiling, unused (> E7.5)","line"
9.34,183670.467099919,"cell ceiling, unused (> E7.5)","line"
9.36,185636.411092723,"cell ceiling, unused (> E7.5)","line"
9.38,187623.397857638,"cell ceiling, unused (> E7.5)","line"
9.4,189631.652629087,"cell ceiling, unused (> E7.5)","line"
9.42,191661.40305232,"cell ceiling, unused (> E7.5)","line"
9.44,193712.879209225,"cell ceiling, unused (> E7.5)","line"
9.46,195786.313644402,"cell ceiling, unused (> E7.5)","line"
9.48,197881.941391529,"cell ceiling, unused (> E7.5)","line"
9.5,2e+05,"cell ceiling, unused (> E7.5)","line"
9.52,206936.57149118,"cell ceiling, unused (> E7.5)","line"
9.54,214113.723102623,"cell ceiling, unused (> E7.5)","line"
9.56,221539.798840344,"cell ceiling, unused (> E7.5)","line"
9.58,229223.432104333,"cell ceiling, unused (> E7.5)","line"
9.6,237173.55572556,"cell ceiling, unused (> E7.5)","line"
9.62,245399.4123511,"cell ceiling, unused (> E7.5)","line"
9.64,253910.565189435,"cell ceiling, unused (> E7.5)","line"
9.66,262716.909128448,"cell ceiling, unused (> E7.5)","line"
9.68,271828.682239005,"cell ceiling, unused (> E7.5)","line"
9.7,281256.477677527,"cell ceiling, unused (> E7.5)","line"
9.72,291011.256001367,"cell ceiling, unused (> E7.5)","line"
9.74,301104.357911325,"cell ceiling, unused (> E7.5)","line"
9.76,311547.517436115,"cell ceiling, unused (> E7.5)","line"
9.78,322352.875574092,"cell ceiling, unused (> E7.5)","line"
9.8,333532.994408129,"cell ceiling, unused (> E7.5)","line"
9.82,345100.871710027,"cell ceiling, unused (> E7.5)","line"
9.84,357069.956051453,"cell ceiling, unused (> E7.5)","line"
9.86,369454.162438971,"cell ceiling, unused (> E7.5)","line"
9.88,382267.888491333,"cell ceiling, unused (> E7.5)","line"
9.9,395526.031177847,"cell ceiling, unused (> E7.5)","line"
9.92,409244.004137287,"cell ceiling, unused (> E7.5)","line"
9.94,423437.755597463,"cell ceiling, unused (> E7.5)","line"
9.96,438123.786916298,"cell ceiling, unused (> E7.5)","line"
9.98,453319.171765957,"cell ceiling, unused (> E7.5)","line"
10,469041.575982343,"cell ceiling, unused (> E7.5)","line"
10.02,485309.27810303,"cell ceiling, unused (> E7.5)","line"
10.04,502141.190617507,"cell ceiling, unused (> E7.5)","line"
10.06,519556.881954431,"cell ceiling, unused (> E7.5)","line"
10.08,537576.599231489,"cell ceiling, unused (> E7.5)","line"
10.1,556221.291794264,"cell ceiling, unused (> E7.5)","line"
10.12,575512.635571504,"cell ceiling, unused (> E7.5)","line"
10.14,595473.058275101,"cell ceiling, unused (> E7.5)","line"
10.16,616125.765474087,"cell ceiling, unused (> E7.5)","line"
10.18,637494.767572933,"cell ceiling, unused (> E7.5)","line"
10.2,659604.907725551,"cell ceiling, unused (> E7.5)","line"
10.22,682481.89071741,"cell ceiling, unused (> E7.5)","line"
10.24,706152.312849396,"cell ceiling, unused (> E7.5)","line"
10.26,730643.692858109,"cell ceiling, unused (> E7.5)","line"
10.28,755984.50390856,"cell ceiling, unused (> E7.5)","line"
10.3,782204.206696494,"cell ceiling, unused (> E7.5)","line"
10.32,809333.283698757,"cell ceiling, unused (> E7.5)","line"
10.34,837403.274611598,"cell ceiling, unused (> E7.5)","line"
10.36,866446.813018058,"cell ceiling, unused (> E7.5)","line"
10.38,896497.664327087,"cell ceiling, unused (> E7.5)","line"
10.4,927590.765028492,"cell ceiling, unused (> E7.5)","line"
10.42,959762.263309388,"cell ceiling, unused (> E7.5)","line"
10.44,993049.561079301,"cell ceiling, unused (> E7.5)","line"
10.46,1027491.35745286,"cell ceiling, unused (> E7.5)","line"
10.48,1063127.69374057,"cell ceiling, unused (> E7.5)","line"
10.5,1100000,"cell ceiling, unused (> E7.5)","line"
10.52,1119088.15356884,"cell ceiling, unused (> E7.5)","line"
10.54,1138507.54132556,"cell ceiling, unused (> E7.5)","line"
10.56,1158263.91113292,"cell ceiling, unused (> E7.5)","line"
10.58,1178363.1105956,"cell ceiling, unused (> E7.5)","line"
10.6,1198811.08879096,"cell ceiling, unused (> E7.5)","line"
10.62,1219613.89802993,"cell ceiling, unused (> E7.5)","line"
10.64,1240777.69564837,"cell ceiling, unused (> E7.5)","line"
10.66,1262308.74582958,"cell ceiling, unused (> E7.5)","line"
10.68,1284213.42145838,"cell ceiling, unused (> E7.5)","line"
10.7,1306498.20600743,"cell ceiling, unused (> E7.5)","line"
10.72,1329169.69545623,"cell ceiling, unused (> E7.5)","line"
10.74,1352234.60024343,"cell ceiling, unused (> E7.5)","line"
10.76,1375699.74725301,"cell ceiling, unused (> E7.5)","line"
10.78,1399572.08183499,"cell ceiling, unused (> E7.5)","line"
10.8,1423858.6698611,"cell ceiling, unused (> E7.5)","line"
10.82,1448566.69981622,"cell ceiling, unused (> E7.5)","line"
10.84,1473703.48492603,"cell ceiling, unused (> E7.5)","line"
10.86,1499276.46532166,"cell ceiling, unused (> E7.5)","line"
10.88,1525293.21024185,"cell ceiling, unused (> E7.5)","line"
10.9,1551761.42027331,"cell ceiling, unused (> E7.5)","line"
10.92,1578688.92963001,"cell ceiling, unused (> E7.5)","line"
10.94,1606083.70847201,"cell ceiling, unused (> E7.5)","line"
10.96,1633953.86526449,"cell ceiling, unused (> E7.5)","line"
10.98,1662307.64917772,"cell ceiling, unused (> E7.5)","line"
11,1691153.45252878,"cell ceiling, unused (> E7.5)","line"
11.02,1720499.81326545,"cell ceiling, unused (> E7.5)","line"
11.04,1750355.41749342,"cell ceiling, unused (> E7.5)","line"
11.06,1780729.1020472,"cell ceiling, unused (> E7.5)","line"
11.08,1811629.85710572,"cell ceiling, unused (> E7.5)","line"
11.1,1843066.82885329,"cell ceiling, unused (> E7.5)","line"
11.12,1875049.32218673,"cell ceiling, unused (> E7.5)","line"
11.14,1907586.8034695,"cell ceiling, unused (> E7.5)","line"
11.16,1940688.9033336,"cell ceiling, unused (> E7.5)","line"
11.18,1974365.41953012,"cell ceiling, unused (> E7.5)","line"
11.2,2008626.3198292,"cell ceiling, unused (> E7.5)","line"
11.22,2043481.74497039,"cell ceiling, unused (> E7.5)","line"
11.24,2078942.01166413,"cell ceiling, unused (> E7.5)","line"
11.26,2115017.61564536,"cell ceiling, unused (> E7.5)","line"
11.28,2151719.23478011,"cell ceiling, unused (> E7.5)","line"
11.3,2189057.73222603,"cell ceiling, unused (> E7.5)","line"
11.32,2227044.15964764,"cell ceiling, unused (> E7.5)","line"
11.34,2265689.76048759,"cell ceiling, unused (> E7.5)","line"
11.36,2305005.97329443,"cell ceiling, unused (> E7.5)","line"
11.38,2345004.43510837,"cell ceiling, unused (> E7.5)","line"
11.4,2385696.9849056,"cell ceiling, unused (> E7.5)","line"
11.42,2427095.6671025,"cell ceiling, unused (> E7.5)","line"
11.44,2469212.7351206,"cell ceiling, unused (> E7.5)","line"
11.46,2512060.65501343,"cell ceiling, unused (> E7.5)","line"
11.48,2555652.10915627,"cell ceiling, unused (> E7.5)","line"
11.5,2600000,"cell ceiling, unused (> E7.5)","line"
11.52,2643850.57465473,"cell ceiling, unused (> E7.5)","line"
11.54,2688440.71580852,"cell ceiling, unused (> E7.5)","line"
11.56,2733782.89669827,"cell ceiling, unused (> E7.5)","line"
11.58,2779889.80092961,"cell ceiling, unused (> E7.5)","line"
11.6,2826774.32602484,"cell ceiling, unused (> E7.5)","line"
11.62,2874449.58703077,"cell ceiling, unused (> E7.5)","line"
11.64,2922928.92018744,"cell ceiling, unused (> E7.5)","line"
11.66,2972225.88665865,"cell ceiling, unused (> E7.5)","line"
11.68,3022354.27632543,"cell ceiling, unused (> E7.5)","line"
11.7,3073328.11164353,"cell ceiling, unused (> E7.5)","line"
11.72,3125161.65156588,"cell ceiling, unused (> E7.5)","line"
11.74,3177869.3955313,"cell ceiling, unused (> E7.5)","line"
11.76,3231466.08752042,"cell ceiling, unused (> E7.5)","line"
11.78,3285966.72018005,"cell ceiling, unused (> E7.5)","line"
11.8,3341386.53901705,"cell ceiling, unused (> E7.5)","line"
11.82,3397741.046663,"cell ceiling, unused (> E7.5)","line"
11.84,3455046.00721074,"cell ceiling, unused (> E7.5)","line"
11.86,3513317.4506241,"cell ceiling, unused (> E7.5)","line"
11.88,3572571.67722193,"cell ceiling, unused (> E7.5)","line"
11.9,3632825.26223784,"cell ceiling, unused (> E7.5)","line"
11.92,3694095.06045682,"cell ceiling, unused (> E7.5)","line"
11.94,3756398.21092998,"cell ceiling, unused (> E7.5)","line"
11.96,3819752.14176894,"cell ceiling, unused (> E7.5)","line"
11.98,3884174.57502094,"cell ceiling, unused (> E7.5)","line"
12,3949683.5316263,"cell ceiling, unused (> E7.5)","line"
12.02,4016297.33645942,"cell ceiling, unused (> E7.5)","line"
12.04,4084034.62345482,"cell ceiling, unused (> E7.5)","line"
12.06,4152914.34081955,"cell ceiling, unused (> E7.5)","line"
12.08,4222955.7563337,"cell ceiling, unused (> E7.5)","line"
12.1,4294178.46274013,"cell ceiling, unused (> E7.5)","line"
12.12,4366602.38322518,"cell ceiling, unused (> E7.5)","line"
12.14,4440247.77699176,"cell ceiling, unused (> E7.5)","line"
12.16,4515135.24492656,"cell ceiling, unused (> E7.5)","line"
12.18,4591285.73536265,"cell ceiling, unused (> E7.5)","line"
12.2,4668720.54993947,"cell ceiling, unused (> E7.5)","line"
12.22,4747461.34956146,"cell ceiling, unused (> E7.5)","line"
12.24,4827530.16045737,"cell ceiling, unused (> E7.5)","line"
12.26,4908949.38034164,"cell ceiling, unused (> E7.5)","line"
12.28,4991741.7846797,"cell ceiling, unused (> E7.5)","line"
12.3,5075930.53305902,"cell ceiling, unused (> E7.5)","line"
12.32,5161539.17566753,"cell ceiling, unused (> E7.5)","line"
12.34,5248591.65988133,"cell ceiling, unused (> E7.5)","line"
12.36,5337112.33696357,"cell ceiling, unused (> E7.5)","line"
12.38,5427125.96887615,"cell ceiling, unused (> E7.5)","line"
12.4,5518657.73520647,"cell ceiling, unused (> E7.5)","line"
12.42,5611733.24021091,"cell ceiling, unused (> E7.5)","line"
12.44,5706378.51997718,"cell ceiling, unused (> E7.5)","line"
12.46,5802620.04970733,"cell ceiling, unused (> E7.5)","line"
12.48,5900484.75112376,"cell ceiling, unused (> E7.5)","line"
12.5,6e+06,"cell ceiling, unused (> E7.5)","line"
12.52,6093503.88589508,"cell ceiling, unused (> E7.5)","line"
12.54,6188464.93456974,"cell ceiling, unused (> E7.5)","line"
12.56,6284905.85442101,"cell ceiling, unused (> E7.5)","line"
12.58,6382849.70773318,"cell ceiling, unused (> E7.5)","line"
12.6,6482319.91619274,"cell ceiling, unused (> E7.5)","line"
12.62,6583340.26648924,"cell ceiling, unused (> E7.5)","line"
12.64,6685934.91600363,"cell ceiling, unused (> E7.5)","line"
12.66,6790128.39858494,"cell ceiling, unused (> E7.5)","line"
12.68,6895945.6304173,"cell ceiling, unused (> E7.5)","line"
12.7,7003411.91597817,"cell ceiling, unused (> E7.5)","line"
12.72,7112552.95408947,"cell ceiling, unused (> E7.5)","line"
12.74,7223394.84406311,"cell ceiling, unused (> E7.5)","line"
12.76,7335964.09194216,"cell ceiling, unused (> E7.5)","line"
12.78,7450287.61683937,"cell ceiling, unused (> E7.5)","line"
12.8,7566392.75737445,"cell ceiling, unused (> E7.5)","line"
12.82,7684307.2782116,"cell ceiling, unused (> E7.5)","line"
12.84,7804059.37669903,"cell ceiling, unused (> E7.5)","line"
12.86,7925677.6896119,"cell ceiling, unused (> E7.5)","line"
12.88,8049191.30000034,"cell ceiling, unused (> E7.5)","line"
12.9,8174629.74414415,"cell ceiling, unused (> E7.5)","line"
12.92,8302023.01861596,"cell ceiling, unused (> E7.5)","line"
12.94,8431401.58745445,"cell ceiling, unused (> E7.5)","line"
12.96,8562796.38944927,"cell ceiling, unused (> E7.5)","line"
12.98,8696238.84553957,"cell ceiling, unused (> E7.5)","line"
13,8831760.86632784,"cell ceiling, unused (> E7.5)","line"
13.02,8969394.8597108,"cell ceiling, unused (> E7.5)","line"
13.04,9109173.73862918,"cell ceiling, unused (> E7.5)","line"
13.06,9251130.92893836,"cell ceiling, unused (> E7.5)","line"
13.08,9395300.37740168,"cell ceiling, unused (> E7.5)","line"
13.1,9541716.55980811,"cell ceiling, unused (> E7.5)","line"
13.12,9690414.48921666,"cell ceiling, unused (> E7.5)","line"
13.14,9841429.72432928,"cell ceiling, unused (> E7.5)","line"
13.16,9994798.37799397,"cell ceiling, unused (> E7.5)","line"
13.18,10150557.1258407,"cell ceiling, unused (> E7.5)","line"
13.2,10308743.2150517,"cell ceiling, unused (> E7.5)","line"
13.22,10469394.4732686,"cell ceiling, unused (> E7.5)","line"
13.24,10632549.3176385,"cell ceiling, unused (> E7.5)","line"
13.26,10798246.7640002,"cell ceiling, unused (> E7.5)","line"
13.28,10966526.4362148,"cell ceiling, unused (> E7.5)","line"
13.3,11137428.575641,"cell ceiling, unused (> E7.5)","line"
13.32,11310994.0507579,"cell ceiling, unused (> E7.5)","line"
13.34,11487264.3669382,"cell ceiling, unused (> E7.5)","line"
13.36,11666281.6763737,"cell ceiling, unused (> E7.5)","line"
13.38,11848088.7881549,"cell ceiling, unused (> E7.5)","line"
13.4,12032729.1785087,"cell ceiling, unused (> E7.5)","line"
13.42,12220247.0011942,"cell ceiling, unused (> E7.5)","line"
13.44,12410687.0980624,"cell ceiling, unused (> E7.5)","line"
2,4,"cell ceiling, used (≤ E7.5)","landmark"
2.5,16,"cell ceiling, used (≤ E7.5)","landmark"
3.5,32,"cell ceiling, used (≤ E7.5)","landmark"
4,64,"cell ceiling, used (≤ E7.5)","landmark"
5.5,120,"cell ceiling, used (≤ E7.5)","landmark"
6,250,"cell ceiling, used (≤ E7.5)","landmark"
6.5,660,"cell ceiling, used (≤ E7.5)","landmark"
7,4500,"cell ceiling, used (≤ E7.5)","landmark"
7.5,15000,"cell ceiling, used (≤ E7.5)","landmark"
8,90000,"cell ceiling, unused (> E7.5)","landmark"
9.5,2e+05,"cell ceiling, unused (> E7.5)","landmark"
10.5,1100000,"cell ceiling, unused (> E7.5)","landmark"
11.5,2600000,"cell ceiling, unused (> E7.5)","landmark"
12.5,6e+06,"cell ceiling, unused (> E7.5)","landmark"
