architecture,day,rate
non_sequential_1x66,0.0000,8.759713
non_sequential_1x66,0.0338,8.720465
non_sequential_1x66,0.0677,8.681392
non_sequential_1x66,0.1015,8.642495
non_sequential_1x66,0.1353,8.603771
non_sequential_1x66,0.1692,8.565222
non_sequential_1x66,0.2030,8.526845
non_sequential_1x66,0.2368,8.488640
non_sequential_1x66,0.2707,8.450606
non_sequential_1x66,0.3045,8.412742
non_sequential_1x66,0.3383,8.375049
non_sequential_1x66,0.3722,8.337524
non_sequential_1x66,0.4060,8.300167
non_sequential_1x66,0.4398,8.262978
non_sequential_1x66,0.4737,8.225955
non_sequential_1x66,0.5075,8.189098
non_sequential_1x66,0.5414,8.152406
non_sequential_1x66,0.5752,8.115879
non_sequential_1x66,0.6090,8.079515
non_sequential_1x66,0.6429,8.043315
non_sequential_1x66,0.6767,8.007276
non_sequential_1x66,0.7105,7.971399
non_sequential_1x66,0.7444,7.935683
non_sequential_1x66,0.7782,7.900126
non_sequential_1x66,0.8120,7.864729
non_sequential_1x66,0.8459,7.829491
non_sequential_1x66,0.8797,7.794411
non_sequential_1x66,0.9135,7.759487
non_sequential_1x66,0.9474,7.724720
non_sequential_1x66,0.9812,7.690109
non_sequential_1x66,1.0150,7.655653
non_sequential_1x66,1.0489,7.621352
non_sequential_1x66,1.0827,7.587204
non_sequential_1x66,1.1165,7.553209
non_sequential_1x66,1.1504,7.519366
non_sequential_1x66,1.1842,7.485675
non_sequential_1x66,1.2180,7.452135
non_sequential_1x66,1.2519,7.418746
non_sequential_1x66,1.2857,7.385506
non_sequential_1x66,1.3195,7.352414
non_sequential_1x66,1.3534,7.319472
non_sequential_1x66,1.3872,7.286676
non_sequential_1x66,1.4211,7.254028
non_sequential_1x66,1.4549,7.221526
non_sequential_1x66,1.4887,7.189169
non_sequential_1x66,1.5226,7.156958
non_sequential_1x66,1.5564,7.124891
non_sequential_1x66,1.5902,7.092967
non_sequential_1x66,1.6241,7.061187
non_sequential_1x66,1.6579,7.029549
non_sequential_1x66,1.6917,6.998052
non_sequential_1x66,1.7256,6.966697
non_sequential_1x66,1.7594,6.935482
non_sequential_1x66,1.7932,6.904408
non_sequential_1x66,1.8271,6.873472
non_sequential_1x66,1.8609,6.842675
non_sequential_1x66,1.8947,6.812016
non_sequential_1x66,1.9286,6.781494
non_sequential_1x66,1.9624,6.751110
non_sequential_1x66,1.9962,6.720861
non_sequential_1x66,2.0301,6.690748
non_sequential_1x66,2.0639,6.660769
non_sequential_1x66,2.0977,6.630925
non_sequential_1x66,2.1316,6.601215
non_sequential_1x66,2.1654,6.571638
non_sequential_1x66,2.1992,6.542193
non_sequential_1x66,2.2331,6.512881
non_sequential_1x66,2.2669,6.483699
non_sequential_1x66,2.3008,6.454649
non_sequential_1x66,2.3346,6.425728
non_sequential_1x66,2.3684,6.396938
non_sequential_1x66,2.4023,6.368276
non_sequential_1x66,2.4361,6.339742
non_sequential_1x66,2.4699,6.311337
non_sequential_1x66,2.5038,6.283058
non_sequential_1x66,2.5376,6.254907
non_sequential_1x66,2.5714,6.226881
non_sequential_1x66,2.6053,6.198981
non_sequential_1x66,2.6391,6.171207
non_sequential_1x66,2.6729,6.143556
non_sequential_1x66,2.7068,6.116030
non_sequential_1x66,2.7406,6.088626
non_sequential_1x66,2.7744,6.061346
non_sequential_1x66,2.8083,6.034188
non_sequential_1x66,2.8421,6.007151
non_sequential_1x66,2.8759,5.980236
non_sequential_1x66,2.9098,5.953441
non_sequential_1x66,2.9436,5.926766
non_sequential_1x66,2.9774,5.900211
non_sequential_1x66,3.0113,5.873775
non_sequential_1x66,3.0451,5.847457
non_sequential_1x66,3.0789,5.821257
non_sequential_1x66,3.1128,5.795175
non_sequential_1x66,3.1466,5.769209
non_sequential_1x66,3.1805,5.743360
non_sequential_1x66,3.2143,5.717626
non_sequential_1x66,3.2481,5.692008
non_sequential_1x66,3.2820,5.666505
non_sequential_1x66,3.3158,5.641116
non_sequential_1x66,3.3496,5.615840
non_sequential_1x66,3.3835,5.590678
non_sequential_1x66,3.4173,5.565629
non_sequential_1x66,3.4511,5.540692
non_sequential_1x66,3.4850,5.515866
non_sequential_1x66,3.5188,5.491152
non_sequential_1x66,3.5526,5.466549
non_sequential_1x66,3.5865,5.442056
non_sequential_1x66,3.6203,5.417672
non_sequential_1x66,3.6541,5.393398
non_sequential_1x66,3.6880,5.369233
non_sequential_1x66,3.7218,5.345175
non_sequential_1x66,3.7556,5.321226
non_sequential_1x66,3.7895,5.297384
non_sequential_1x66,3.8233,5.273649
non_sequential_1x66,3.8571,5.250020
non_sequential_1x66,3.8910,5.226497
non_sequential_1x66,3.9248,5.203079
non_sequential_1x66,3.9586,5.179767
non_sequential_1x66,3.9925,5.156558
non_sequential_1x66,4.0263,5.133454
non_sequential_1x66,4.0602,5.110453
non_sequential_1x66,4.0940,5.087556
non_sequential_1x66,4.1278,5.064761
non_sequential_1x66,4.1617,5.042068
non_sequential_1x66,4.1955,5.019476
non_sequential_1x66,4.2293,4.996986
non_sequential_1x66,4.2632,4.974597
non_sequential_1x66,4.2970,4.952308
non_sequential_1x66,4.3308,4.930119
non_sequential_1x66,4.3647,4.908029
non_sequential_1x66,4.3985,4.886039
non_sequential_1x66,4.4323,4.864146
non_sequential_1x66,4.4662,4.842352
non_sequential_1x66,4.5000,4.820656
non_sequential_1x66,4.5338,4.799057
non_sequential_1x66,4.5677,4.777554
non_sequential_1x66,4.6015,4.756148
non_sequential_1x66,4.6353,4.734838
non_sequential_1x66,4.6692,4.713623
non_sequential_1x66,4.7030,4.692503
non_sequential_1x66,4.7368,4.671478
non_sequential_1x66,4.7707,4.650548
non_sequential_1x66,4.8045,4.629711
non_sequential_1x66,4.8383,4.608967
non_sequential_1x66,4.8722,4.588316
non_sequential_1x66,4.9060,4.567758
non_sequential_1x66,4.9398,4.547292
non_sequential_1x66,4.9737,4.526917
non_sequential_1x66,5.0075,4.506634
non_sequential_1x66,5.0414,4.486442
non_sequential_1x66,5.0752,4.466340
non_sequential_1x66,5.1090,4.446329
non_sequential_1x66,5.1429,4.426407
non_sequential_1x66,5.1767,4.406574
non_sequential_1x66,5.2105,4.386830
non_sequential_1x66,5.2444,4.367174
non_sequential_1x66,5.2782,4.347607
non_sequential_1x66,5.3120,4.328127
non_sequential_1x66,5.3459,4.308735
non_sequential_1x66,5.3797,4.289429
non_sequential_1x66,5.4135,4.270210
non_sequential_1x66,5.4474,4.251077
non_sequential_1x66,5.4812,4.232030
non_sequential_1x66,5.5150,4.213068
non_sequential_1x66,5.5489,4.194192
non_sequential_1x66,5.5827,4.175399
non_sequential_1x66,5.6165,4.156691
non_sequential_1x66,5.6504,4.138067
non_sequential_1x66,5.6842,4.119526
non_sequential_1x66,5.7180,4.101068
non_sequential_1x66,5.7519,4.082693
non_sequential_1x66,5.7857,4.064400
non_sequential_1x66,5.8195,4.046190
non_sequential_1x66,5.8534,4.028060
non_sequential_1x66,5.8872,4.010012
non_sequential_1x66,5.9211,3.992045
non_sequential_1x66,5.9549,3.974159
non_sequential_1x66,5.9887,3.956352
non_sequential_1x66,6.0226,3.938626
non_sequential_1x66,6.0564,3.920978
non_sequential_1x66,6.0902,3.903410
non_sequential_1x66,6.1241,3.885921
non_sequential_1x66,6.1579,3.868510
non_sequential_1x66,6.1917,3.851177
non_sequential_1x66,6.2256,3.833921
non_sequential_1x66,6.2594,3.816743
non_sequential_1x66,6.2932,3.799642
non_sequential_1x66,6.3271,3.782617
non_sequential_1x66,6.3609,3.765669
non_sequential_1x66,6.3947,3.748797
non_sequential_1x66,6.4286,3.732000
non_sequential_1x66,6.4624,3.715279
non_sequential_1x66,6.4962,3.698632
non_sequential_1x66,6.5301,3.682060
non_sequential_1x66,6.5639,3.665563
non_sequential_1x66,6.5977,3.649139
non_sequential_1x66,6.6316,3.632789
non_sequential_1x66,6.6654,3.616512
non_sequential_1x66,6.6992,3.600308
non_sequential_1x66,6.7331,3.584176
non_sequential_1x66,6.7669,3.568117
non_sequential_1x66,6.8008,3.552130
non_sequential_1x66,6.8346,3.536215
non_sequential_1x66,6.8684,3.520370
non_sequential_1x66,6.9023,3.504597
non_sequential_1x66,6.9361,3.488895
non_sequential_1x66,6.9699,3.473262
non_sequential_1x66,7.0038,3.457700
non_sequential_1x66,7.0376,3.442208
non_sequential_1x66,7.0714,3.426785
non_sequential_1x66,7.1053,3.411431
non_sequential_1x66,7.1391,3.396146
non_sequential_1x66,7.1729,3.380929
non_sequential_1x66,7.2068,3.365781
non_sequential_1x66,7.2406,3.350700
non_sequential_1x66,7.2744,3.335687
non_sequential_1x66,7.3083,3.320741
non_sequential_1x66,7.3421,3.305863
non_sequential_1x66,7.3759,3.291051
non_sequential_1x66,7.4098,3.276305
non_sequential_1x66,7.4436,3.261625
non_sequential_1x66,7.4774,3.247011
non_sequential_1x66,7.5113,3.232463
non_sequential_1x66,7.5451,3.217980
non_sequential_1x66,7.5789,3.203561
non_sequential_1x66,7.6128,3.189208
non_sequential_1x66,7.6466,3.174918
non_sequential_1x66,7.6805,3.160693
non_sequential_1x66,7.7143,3.146531
non_sequential_1x66,7.7481,3.132433
non_sequential_1x66,7.7820,3.118398
non_sequential_1x66,7.8158,3.104426
non_sequential_1x66,7.8496,3.090516
non_sequential_1x66,7.8835,3.076669
non_sequential_1x66,7.9173,3.062884
non_sequential_1x66,7.9511,3.049160
non_sequential_1x66,7.9850,3.035498
non_sequential_1x66,8.0188,3.021898
non_sequential_1x66,8.0526,3.008358
non_sequential_1x66,8.0865,2.994879
non_sequential_1x66,8.1203,2.981460
non_sequential_1x66,8.1541,2.968101
non_sequential_1x66,8.1880,2.954803
non_sequential_1x66,8.2218,2.941563
non_sequential_1x66,8.2556,2.928384
non_sequential_1x66,8.2895,2.915263
non_sequential_1x66,8.3233,2.902201
non_sequential_1x66,8.3571,2.889197
non_sequential_1x66,8.3910,2.876252
non_sequential_1x66,8.4248,2.863365
non_sequential_1x66,8.4586,2.850535
non_sequential_1x66,8.4925,2.837763
non_sequential_1x66,8.5263,2.825049
non_sequential_1x66,8.5602,2.812391
non_sequential_1x66,8.5940,2.799790
non_sequential_1x66,8.6278,2.787245
non_sequential_1x66,8.6617,2.774757
non_sequential_1x66,8.6955,2.762324
non_sequential_1x66,8.7293,2.749948
non_sequential_1x66,8.7632,2.737626
non_sequential_1x66,8.7970,2.725360
non_sequential_1x66,8.8308,2.713149
non_sequential_1x66,8.8647,2.700993
non_sequential_1x66,8.8985,2.688891
non_sequential_1x66,8.9323,2.676843
non_sequential_1x66,8.9662,2.664849
non_sequential_1x66,9.0000,2.652909
non_sequential_1x66,9.0338,2.641023
non_sequential_1x66,9.0677,2.629189
non_sequential_1x66,9.1015,2.617409
non_sequential_1x66,9.1353,2.605682
non_sequential_1x66,9.1692,2.594007
non_sequential_1x66,9.2030,2.582384
non_sequential_1x66,9.2368,2.570814
non_sequential_1x66,9.2707,2.559295
non_sequential_1x66,9.3045,2.547828
non_sequential_1x66,9.3383,2.536412
non_sequential_1x66,9.3722,2.525048
non_sequential_1x66,9.4060,2.513734
non_sequential_1x66,9.4398,2.502471
non_sequential_1x66,9.4737,2.491259
non_sequential_1x66,9.5075,2.480096
non_sequential_1x66,9.5414,2.468984
non_sequential_1x66,9.5752,2.457922
non_sequential_1x66,9.6090,2.446909
non_sequential_1x66,9.6429,2.435945
non_sequential_1x66,9.6767,2.425031
non_sequential_1x66,9.7105,2.414166
non_sequential_1x66,9.7444,2.403349
non_sequential_1x66,9.7782,2.392580
non_sequential_1x66,9.8120,2.381860
non_sequential_1x66,9.8459,2.371188
non_sequential_1x66,9.8797,2.360564
non_sequential_1x66,9.9135,2.349987
non_sequential_1x66,9.9474,2.339458
non_sequential_1x66,9.9812,2.328976
non_sequential_1x66,10.0150,2.318541
non_sequential_1x66,10.0489,2.308153
non_sequential_1x66,10.0827,2.297811
non_sequential_1x66,10.1165,2.287515
non_sequential_1x66,10.1504,2.277266
non_sequential_1x66,10.1842,2.267063
non_sequential_1x66,10.2180,2.256905
non_sequential_1x66,10.2519,2.246793
non_sequential_1x66,10.2857,2.236726
non_sequential_1x66,10.3195,2.226704
non_sequential_1x66,10.3534,2.216727
non_sequential_1x66,10.3872,2.206795
non_sequential_1x66,10.4211,2.196907
non_sequential_1x66,10.4549,2.187064
non_sequential_1x66,10.4887,2.177265
non_sequential_1x66,10.5226,2.167509
non_sequential_1x66,10.5564,2.157798
non_sequential_1x66,10.5902,2.148129
non_sequential_1x66,10.6241,2.138505
non_sequential_1x66,10.6579,2.128923
non_sequential_1x66,10.6917,2.119384
non_sequential_1x66,10.7256,2.109888
non_sequential_1x66,10.7594,2.100435
non_sequential_1x66,10.7932,2.091024
non_sequential_1x66,10.8271,2.081655
non_sequential_1x66,10.8609,2.072328
non_sequential_1x66,10.8947,2.063042
non_sequential_1x66,10.9286,2.053799
non_sequential_1x66,10.9624,2.044597
non_sequential_1x66,10.9962,2.035436
non_sequential_1x66,11.0301,2.026316
non_sequential_1x66,11.0639,2.017237
non_sequential_1x66,11.0977,2.008199
non_sequential_1x66,11.1316,1.999201
non_sequential_1x66,11.1654,1.990243
non_sequential_1x66,11.1992,1.981326
non_sequential_1x66,11.2331,1.972448
non_sequential_1x66,11.2669,1.963611
non_sequential_1x66,11.3008,1.954813
non_sequential_1x66,11.3346,1.946054
non_sequential_1x66,11.3684,1.937334
non_sequential_1x66,11.4023,1.928654
non_sequential_1x66,11.4361,1.920013
non_sequential_1x66,11.4699,1.911410
non_sequential_1x66,11.5038,1.902846
non_sequential_1x66,11.5376,1.894320
non_sequential_1x66,11.5714,1.885832
non_sequential_1x66,11.6053,1.877383
non_sequential_1x66,11.6391,1.868971
non_sequential_1x66,11.6729,1.860597
non_sequential_1x66,11.7068,1.852261
non_sequential_1x66,11.7406,1.843961
non_sequential_1x66,11.7744,1.835699
non_sequential_1x66,11.8083,1.827474
non_sequential_1x66,11.8421,1.819286
non_sequential_1x66,11.8759,1.811135
non_sequential_1x66,11.9098,1.803020
non_sequential_1x66,11.9436,1.794941
non_sequential_1x66,11.9774,1.786899
non_sequential_1x66,12.0113,1.778893
non_sequential_1x66,12.0451,1.770922
non_sequential_1x66,12.0789,1.762988
non_sequential_1x66,12.1128,1.755089
non_sequential_1x66,12.1466,1.747225
non_sequential_1x66,12.1805,1.739396
non_sequential_1x66,12.2143,1.731603
non_sequential_1x66,12.2481,1.723844
non_sequential_1x66,12.2820,1.716120
non_sequential_1x66,12.3158,1.708431
non_sequential_1x66,12.3496,1.700777
non_sequential_1x66,12.3835,1.693156
non_sequential_1x66,12.4173,1.685570
non_sequential_1x66,12.4511,1.678018
non_sequential_1x66,12.4850,1.670499
non_sequential_1x66,12.5188,1.663014
non_sequential_1x66,12.5526,1.655563
non_sequential_1x66,12.5865,1.648145
non_sequential_1x66,12.6203,1.640761
non_sequential_1x66,12.6541,1.633409
non_sequential_1x66,12.6880,1.626091
non_sequential_1x66,12.7218,1.618805
non_sequential_1x66,12.7556,1.611552
non_sequential_1x66,12.7895,1.604331
non_sequential_1x66,12.8233,1.597143
non_sequential_1x66,12.8571,1.589987
non_sequential_1x66,12.8910,1.582863
non_sequential_1x66,12.9248,1.575770
non_sequential_1x66,12.9586,1.568710
non_sequential_1x66,12.9925,1.561681
non_sequential_1x66,13.0263,1.554684
non_sequential_1x66,13.0602,1.547718
non_sequential_1x66,13.0940,1.540784
non_sequential_1x66,13.1278,1.533880
non_sequential_1x66,13.1617,1.527007
non_sequential_1x66,13.1955,1.520166
non_sequential_1x66,13.2293,1.513354
non_sequential_1x66,13.2632,1.506574
non_sequential_1x66,13.2970,1.499823
non_sequential_1x66,13.3308,1.493103
non_sequential_1x66,13.3647,1.486413
non_sequential_1x66,13.3985,1.479754
non_sequential_1x66,13.4323,1.473123
non_sequential_1x66,13.4662,1.466523
non_sequential_1x66,13.5000,1.459952
sequential_1x66_flat,0.0000,4.074074
sequential_1x66_flat,0.0338,4.074074
sequential_1x66_flat,0.0677,4.074074
sequential_1x66_flat,0.1015,4.074074
sequential_1x66_flat,0.1353,4.074074
sequential_1x66_flat,0.1692,4.074074
sequential_1x66_flat,0.2030,4.074074
sequential_1x66_flat,0.2368,4.074074
sequential_1x66_flat,0.2707,4.074074
sequential_1x66_flat,0.3045,4.074074
sequential_1x66_flat,0.3383,4.074074
sequential_1x66_flat,0.3722,4.074074
sequential_1x66_flat,0.4060,4.074074
sequential_1x66_flat,0.4398,4.074074
sequential_1x66_flat,0.4737,4.074074
sequential_1x66_flat,0.5075,4.074074
sequential_1x66_flat,0.5414,4.074074
sequential_1x66_flat,0.5752,4.074074
sequential_1x66_flat,0.6090,4.074074
sequential_1x66_flat,0.6429,4.074074
sequential_1x66_flat,0.6767,4.074074
sequential_1x66_flat,0.7105,4.074074
sequential_1x66_flat,0.7444,4.074074
sequential_1x66_flat,0.7782,4.074074
sequential_1x66_flat,0.8120,4.074074
sequential_1x66_flat,0.8459,4.074074
sequential_1x66_flat,0.8797,4.074074
sequential_1x66_flat,0.9135,4.074074
sequential_1x66_flat,0.9474,4.074074
sequential_1x66_flat,0.9812,4.074074
sequential_1x66_flat,1.0150,4.074074
sequential_1x66_flat,1.0489,4.074074
sequential_1x66_flat,1.0827,4.074074
sequential_1x66_flat,1.1165,4.074074
sequential_1x66_flat,1.1504,4.074074
sequential_1x66_flat,1.1842,4.074074
sequential_1x66_flat,1.2180,4.074074
sequential_1x66_flat,1.2519,4.074074
sequential_1x66_flat,1.2857,4.074074
sequential_1x66_flat,1.3195,4.074074
sequential_1x66_flat,1.3534,4.074074
sequential_1x66_flat,1.3872,4.074074
sequential_1x66_flat,1.4211,4.074074
sequential_1x66_flat,1.4549,4.074074
sequential_1x66_flat,1.4887,4.074074
sequential_1x66_flat,1.5226,4.074074
sequential_1x66_flat,1.5564,4.074074
sequential_1x66_flat,1.5902,4.074074
sequential_1x66_flat,1.6241,4.074074
sequential_1x66_flat,1.6579,4.074074
sequential_1x66_flat,1.6917,4.074074
sequential_1x66_flat,1.7256,4.074074
sequential_1x66_flat,1.7594,4.074074
sequential_1x66_flat,1.7932,4.074074
sequential_1x66_flat,1.8271,4.074074
sequential_1x66_flat,1.8609,4.074074
sequential_1x66_flat,1.8947,4.074074
sequential_1x66_flat,1.9286,4.074074
sequential_1x66_flat,1.9624,4.074074
sequential_1x66_flat,1.9962,4.074074
sequential_1x66_flat,2.0301,4.074074
sequential_1x66_flat,2.0639,4.074074
sequential_1x66_flat,2.0977,4.074074
sequential_1x66_flat,2.1316,4.074074
sequential_1x66_flat,2.1654,4.074074
sequential_1x66_flat,2.1992,4.074074
sequential_1x66_flat,2.2331,4.074074
sequential_1x66_flat,2.2669,4.074074
sequential_1x66_flat,2.3008,4.074074
sequential_1x66_flat,2.3346,4.074074
sequential_1x66_flat,2.3684,4.074074
sequential_1x66_flat,2.4023,4.074074
sequential_1x66_flat,2.4361,4.074074
sequential_1x66_flat,2.4699,4.074074
sequential_1x66_flat,2.5038,4.074074
sequential_1x66_flat,2.5376,4.074074
sequential_1x66_flat,2.5714,4.074074
sequential_1x66_flat,2.6053,4.074074
sequential_1x66_flat,2.6391,4.074074
sequential_1x66_flat,2.6729,4.074074
sequential_1x66_flat,2.7068,4.074074
sequential_1x66_flat,2.7406,4.074074
sequential_1x66_flat,2.7744,4.074074
sequential_1x66_flat,2.8083,4.074074
sequential_1x66_flat,2.8421,4.074074
sequential_1x66_flat,2.8759,4.074074
sequential_1x66_flat,2.9098,4.074074
sequential_1x66_flat,2.9436,4.074074
sequential_1x66_flat,2.9774,4.074074
sequential_1x66_flat,3.0113,4.074074
sequential_1x66_flat,3.0451,4.074074
sequential_1x66_flat,3.0789,4.074074
sequential_1x66_flat,3.1128,4.074074
sequential_1x66_flat,3.1466,4.074074
sequential_1x66_flat,3.1805,4.074074
sequential_1x66_flat,3.2143,4.074074
sequential_1x66_flat,3.2481,4.074074
sequential_1x66_flat,3.2820,4.074074
sequential_1x66_flat,3.3158,4.074074
sequential_1x66_flat,3.3496,4.074074
sequential_1x66_flat,3.3835,4.074074
sequential_1x66_flat,3.4173,4.074074
sequential_1x66_flat,3.4511,4.074074
sequential_1x66_flat,3.4850,4.074074
sequential_1x66_flat,3.5188,4.074074
sequential_1x66_flat,3.5526,4.074074
sequential_1x66_flat,3.5865,4.074074
sequential_1x66_flat,3.6203,4.074074
sequential_1x66_flat,3.6541,4.074074
sequential_1x66_flat,3.6880,4.074074
sequential_1x66_flat,3.7218,4.074074
sequential_1x66_flat,3.7556,4.074074
sequential_1x66_flat,3.7895,4.074074
sequential_1x66_flat,3.8233,4.074074
sequential_1x66_flat,3.8571,4.074074
sequential_1x66_flat,3.8910,4.074074
sequential_1x66_flat,3.9248,4.074074
sequential_1x66_flat,3.9586,4.074074
sequential_1x66_flat,3.9925,4.074074
sequential_1x66_flat,4.0263,4.074074
sequential_1x66_flat,4.0602,4.074074
sequential_1x66_flat,4.0940,4.074074
sequential_1x66_flat,4.1278,4.074074
sequential_1x66_flat,4.1617,4.074074
sequential_1x66_flat,4.1955,4.074074
sequential_1x66_flat,4.2293,4.074074
sequential_1x66_flat,4.2632,4.074074
sequential_1x66_flat,4.2970,4.074074
sequential_1x66_flat,4.3308,4.074074
sequential_1x66_flat,4.3647,4.074074
sequential_1x66_flat,4.3985,4.074074
sequential_1x66_flat,4.4323,4.074074
sequential_1x66_flat,4.4662,4.074074
sequential_1x66_flat,4.5000,4.074074
sequential_1x66_flat,4.5338,4.074074
sequential_1x66_flat,4.5677,4.074074
sequential_1x66_flat,4.6015,4.074074
sequential_1x66_flat,4.6353,4.074074
sequential_1x66_flat,4.6692,4.074074
sequential_1x66_flat,4.7030,4.074074
sequential_1x66_flat,4.7368,4.074074
sequential_1x66_flat,4.7707,4.074074
sequential_1x66_flat,4.8045,4.074074
sequential_1x66_flat,4.8383,4.074074
sequential_1x66_flat,4.8722,4.074074
sequential_1x66_flat,4.9060,4.074074
sequential_1x66_flat,4.9398,4.074074
sequential_1x66_flat,4.9737,4.074074
sequential_1x66_flat,5.0075,4.074074
sequential_1x66_flat,5.0414,4.074074
sequential_1x66_flat,5.0752,4.074074
sequential_1x66_flat,5.1090,4.074074
sequential_1x66_flat,5.1429,4.074074
sequential_1x66_flat,5.1767,4.074074
sequential_1x66_flat,5.2105,4.074074
sequential_1x66_flat,5.2444,4.074074
sequential_1x66_flat,5.2782,4.074074
sequential_1x66_flat,5.3120,4.074074
sequential_1x66_flat,5.3459,4.074074
sequential_1x66_flat,5.3797,4.074074
sequential_1x66_flat,5.4135,4.074074
sequential_1x66_flat,5.4474,4.074074
sequential_1x66_flat,5.4812,4.074074
sequential_1x66_flat,5.5150,4.074074
sequential_1x66_flat,5.5489,4.074074
sequential_1x66_flat,5.5827,4.074074
sequential_1x66_flat,5.6165,4.074074
sequential_1x66_flat,5.6504,4.074074
sequential_1x66_flat,5.6842,4.074074
sequential_1x66_flat,5.7180,4.074074
sequential_1x66_flat,5.7519,4.074074
sequential_1x66_flat,5.7857,4.074074
sequential_1x66_flat,5.8195,4.074074
sequential_1x66_flat,5.8534,4.074074
sequential_1x66_flat,5.8872,4.074074
sequential_1x66_flat,5.9211,4.074074
sequential_1x66_flat,5.9549,4.074074
sequential_1x66_flat,5.9887,4.074074
sequential_1x66_flat,6.0226,4.074074
sequential_1x66_flat,6.0564,4.074074
sequential_1x66_flat,6.0902,4.074074
sequential_1x66_flat,6.1241,4.074074
sequential_1x66_flat,6.1579,4.074074
sequential_1x66_flat,6.1917,4.074074
sequential_1x66_flat,6.2256,4.074074
sequential_1x66_flat,6.2594,4.074074
sequential_1x66_flat,6.2932,4.074074
sequential_1x66_flat,6.3271,4.074074
sequential_1x66_flat,6.3609,4.074074
sequential_1x66_flat,6.3947,4.074074
sequential_1x66_flat,6.4286,4.074074
sequential_1x66_flat,6.4624,4.074074
sequential_1x66_flat,6.4962,4.074074
sequential_1x66_flat,6.5301,4.074074
sequential_1x66_flat,6.5639,4.074074
sequential_1x66_flat,6.5977,4.074074
sequential_1x66_flat,6.6316,4.074074
sequential_1x66_flat,6.6654,4.074074
sequential_1x66_flat,6.6992,4.074074
sequential_1x66_flat,6.7331,4.074074
sequential_1x66_flat,6.7669,4.074074
sequential_1x66_flat,6.8008,4.074074
sequential_1x66_flat,6.8346,4.074074
sequential_1x66_flat,6.8684,4.074074
sequential_1x66_flat,6.9023,4.074074
sequential_1x66_flat,6.9361,4.074074
sequential_1x66_flat,6.9699,4.074074
sequential_1x66_flat,7.0038,4.074074
sequential_1x66_flat,7.0376,4.074074
sequential_1x66_flat,7.0714,4.074074
sequential_1x66_flat,7.1053,4.074074
sequential_1x66_flat,7.1391,4.074074
sequential_1x66_flat,7.1729,4.074074
sequential_1x66_flat,7.2068,4.074074
sequential_1x66_flat,7.2406,4.074074
sequential_1x66_flat,7.2744,4.074074
sequential_1x66_flat,7.3083,4.074074
sequential_1x66_flat,7.3421,4.074074
sequential_1x66_flat,7.3759,4.074074
sequential_1x66_flat,7.4098,4.074074
sequential_1x66_flat,7.4436,4.074074
sequential_1x66_flat,7.4774,4.074074
sequential_1x66_flat,7.5113,4.074074
sequential_1x66_flat,7.5451,4.074074
sequential_1x66_flat,7.5789,4.074074
sequential_1x66_flat,7.6128,4.074074
sequential_1x66_flat,7.6466,4.074074
sequential_1x66_flat,7.6805,4.074074
sequential_1x66_flat,7.7143,4.074074
sequential_1x66_flat,7.7481,4.074074
sequential_1x66_flat,7.7820,4.074074
sequential_1x66_flat,7.8158,4.074074
sequential_1x66_flat,7.8496,4.074074
sequential_1x66_flat,7.8835,4.074074
sequential_1x66_flat,7.9173,4.074074
sequential_1x66_flat,7.9511,4.074074
sequential_1x66_flat,7.9850,4.074074
sequential_1x66_flat,8.0188,4.074074
sequential_1x66_flat,8.0526,4.074074
sequential_1x66_flat,8.0865,4.074074
sequential_1x66_flat,8.1203,4.074074
sequential_1x66_flat,8.1541,4.074074
sequential_1x66_flat,8.1880,4.074074
sequential_1x66_flat,8.2218,4.074074
sequential_1x66_flat,8.2556,4.074074
sequential_1x66_flat,8.2895,4.074074
sequential_1x66_flat,8.3233,4.074074
sequential_1x66_flat,8.3571,4.074074
sequential_1x66_flat,8.3910,4.074074
sequential_1x66_flat,8.4248,4.074074
sequential_1x66_flat,8.4586,4.074074
sequential_1x66_flat,8.4925,4.074074
sequential_1x66_flat,8.5263,4.074074
sequential_1x66_flat,8.5602,4.074074
sequential_1x66_flat,8.5940,4.074074
sequential_1x66_flat,8.6278,4.074074
sequential_1x66_flat,8.6617,4.074074
sequential_1x66_flat,8.6955,4.074074
sequential_1x66_flat,8.7293,4.074074
sequential_1x66_flat,8.7632,4.074074
sequential_1x66_flat,8.7970,4.074074
sequential_1x66_flat,8.8308,4.074074
sequential_1x66_flat,8.8647,4.074074
sequential_1x66_flat,8.8985,4.074074
sequential_1x66_flat,8.9323,4.074074
sequential_1x66_flat,8.9662,4.074074
sequential_1x66_flat,9.0000,4.074074
sequential_1x66_flat,9.0338,4.074074
sequential_1x66_flat,9.0677,4.074074
sequential_1x66_flat,9.1015,4.074074
sequential_1x66_flat,9.1353,4.074074
sequential_1x66_flat,9.1692,4.074074
sequential_1x66_flat,9.2030,4.074074
sequential_1x66_flat,9.2368,4.074074
sequential_1x66_flat,9.2707,4.074074
sequential_1x66_flat,9.3045,4.074074
sequential_1x66_flat,9.3383,4.074074
sequential_1x66_flat,9.3722,4.074074
sequential_1x66_flat,9.4060,4.074074
sequential_1x66_flat,9.4398,4.074074
sequential_1x66_flat,9.4737,4.074074
sequential_1x66_flat,9.5075,4.074074
sequential_1x66_flat,9.5414,4.074074
sequential_1x66_flat,9.5752,4.074074
sequential_1x66_flat,9.6090,4.074074
sequential_1x66_flat,9.6429,4.074074
sequential_1x66_flat,9.6767,4.074074
sequential_1x66_flat,9.7105,4.074074
sequential_1x66_flat,9.7444,4.074074
sequential_1x66_flat,9.7782,4.074074
sequential_1x66_flat,9.8120,4.074074
sequential_1x66_flat,9.8459,4.074074
sequential_1x66_flat,9.8797,4.074074
sequential_1x66_flat,9.9135,4.074074
sequential_1x66_flat,9.9474,4.074074
sequential_1x66_flat,9.9812,4.074074
sequential_1x66_flat,10.0150,4.074074
sequential_1x66_flat,10.0489,4.074074
sequential_1x66_flat,10.0827,4.074074
sequential_1x66_flat,10.1165,4.074074
sequential_1x66_flat,10.1504,4.074074
sequential_1x66_flat,10.1842,4.074074
sequential_1x66_flat,10.2180,4.074074
sequential_1x66_flat,10.2519,4.074074
sequential_1x66_flat,10.2857,4.074074
sequential_1x66_flat,10.3195,4.074074
sequential_1x66_flat,10.3534,4.074074
sequential_1x66_flat,10.3872,4.074074
sequential_1x66_flat,10.4211,4.074074
sequential_1x66_flat,10.4549,4.074074
sequential_1x66_flat,10.4887,4.074074
sequential_1x66_flat,10.5226,4.074074
sequential_1x66_flat,10.5564,4.074074
sequential_1x66_flat,10.5902,4.074074
sequential_1x66_flat,10.6241,4.074074
sequential_1x66_flat,10.6579,4.074074
sequential_1x66_flat,10.6917,4.074074
sequential_1x66_flat,10.7256,4.074074
sequential_1x66_flat,10.7594,4.074074
sequential_1x66_flat,10.7932,4.074074
sequential_1x66_flat,10.8271,4.074074
sequential_1x66_flat,10.8609,4.074074
sequential_1x66_flat,10.8947,4.074074
sequential_1x66_flat,10.9286,4.074074
sequential_1x66_flat,10.9624,4.074074
sequential_1x66_flat,10.9962,4.074074
sequential_1x66_flat,11.0301,4.074074
sequential_1x66_flat,11.0639,4.074074
sequential_1x66_flat,11.0977,4.074074
sequential_1x66_flat,11.1316,4.074074
sequential_1x66_flat,11.1654,4.074074
sequential_1x66_flat,11.1992,4.074074
sequential_1x66_flat,11.2331,4.074074
sequential_1x66_flat,11.2669,4.074074
sequential_1x66_flat,11.3008,4.074074
sequential_1x66_flat,11.3346,4.074074
sequential_1x66_flat,11.3684,4.074074
sequential_1x66_flat,11.4023,4.074074
sequential_1x66_flat,11.4361,4.074074
sequential_1x66_flat,11.4699,4.074074
sequential_1x66_flat,11.5038,4.074074
sequential_1x66_flat,11.5376,4.074074
sequential_1x66_flat,11.5714,4.074074
sequential_1x66_flat,11.6053,4.074074
sequential_1x66_flat,11.6391,4.074074
sequential_1x66_flat,11.6729,4.074074
sequential_1x66_flat,11.7068,4.074074
sequential_1x66_flat,11.7406,4.074074
sequential_1x66_flat,11.7744,4.074074
sequential_1x66_flat,11.8083,4.074074
sequential_1x66_flat,11.8421,4.074074
sequential_1x66_flat,11.8759,4.074074
sequential_1x66_flat,11.9098,4.074074
sequential_1x66_flat,11.9436,4.074074
sequential_1x66_flat,11.9774,4.074074
sequential_1x66_flat,12.0113,4.074074
sequential_1x66_flat,12.0451,4.074074
sequential_1x66_flat,12.0789,4.074074
sequential_1x66_flat,12.1128,4.074074
sequential_1x66_flat,12.1466,4.074074
sequential_1x66_flat,12.1805,4.074074
sequential_1x66_flat,12.2143,4.074074
sequential_1x66_flat,12.2481,4.074074
sequential_1x66_flat,12.2820,4.074074
sequential_1x66_flat,12.3158,4.074074
sequential_1x66_flat,12.3496,4.074074
sequential_1x66_flat,12.3835,4.074074
sequential_1x66_flat,12.4173,4.074074
sequential_1x66_flat,12.4511,4.074074
sequential_1x66_flat,12.4850,4.074074
sequential_1x66_flat,12.5188,4.074074
sequential_1x66_flat,12.5526,4.074074
sequential_1x66_flat,12.5865,4.074074
sequential_1x66_flat,12.6203,4.074074
sequential_1x66_flat,12.6541,4.074074
sequential_1x66_flat,12.6880,4.074074
sequential_1x66_flat,12.7218,4.074074
sequential_1x66_flat,12.7556,4.074074
sequential_1x66_flat,12.7895,4.074074
sequential_1x66_flat,12.8233,4.074074
sequential_1x66_flat,12.8571,4.074074
sequential_1x66_flat,12.8910,4.074074
sequential_1x66_flat,12.9248,4.074074
sequential_1x66_flat,12.9586,4.074074
sequential_1x66_flat,12.9925,4.074074
sequential_1x66_flat,13.0263,4.074074
sequential_1x66_flat,13.0602,4.074074
sequential_1x66_flat,13.0940,4.074074
sequential_1x66_flat,13.1278,4.074074
sequential_1x66_flat,13.1617,4.074074
sequential_1x66_flat,13.1955,4.074074
sequential_1x66_flat,13.2293,4.074074
sequential_1x66_flat,13.2632,4.074074
sequential_1x66_flat,13.2970,4.074074
sequential_1x66_flat,13.3308,4.074074
sequential_1x66_flat,13.3647,4.074074
sequential_1x66_flat,13.3985,4.074074
sequential_1x66_flat,13.4323,4.074074
sequential_1x66_flat,13.4662,4.074074
sequential_1x66_flat,13.5000,4.074074
sequential_11x6_constant_rate,0.0000,4.819277
sequential_11x6_constant_rate,0.2490,4.850067
sequential_11x6_constant_rate,0.4980,4.875100
sequential_11x6_constant_rate,0.7470,4.861044
sequential_11x6_constant_rate,0.9960,4.823695
sequential_11x6_constant_rate,1.2450,4.815930
sequential_11x6_constant_rate,1.4940,4.849264
sequential_11x6_constant_rate,1.7430,4.868675
sequential_11x6_constant_rate,1.9920,4.881660
sequential_11x6_constant_rate,2.2410,4.863989
sequential_11x6_constant_rate,2.4900,4.857965
sequential_11x6_constant_rate,2.7390,4.841098
sequential_11x6_constant_rate,2.9880,4.821553
sequential_11x6_constant_rate,3.2370,4.818072
sequential_11x6_constant_rate,3.4860,4.817537
sequential_11x6_constant_rate,3.7350,4.853012
sequential_11x6_constant_rate,3.9840,4.814190
sequential_11x6_constant_rate,4.2330,4.789960
sequential_11x6_constant_rate,4.4820,4.808969
sequential_11x6_constant_rate,4.7310,4.773360
sequential_11x6_constant_rate,4.9800,4.721151
sequential_11x6_constant_rate,5.2290,4.702276
sequential_11x6_constant_rate,5.4780,4.685274
sequential_11x6_constant_rate,5.7270,4.635877
sequential_11x6_constant_rate,5.9760,4.571620
sequential_11x6_constant_rate,6.2250,4.516198
sequential_11x6_constant_rate,6.4740,4.496386
sequential_11x6_constant_rate,6.7230,4.478447
sequential_11x6_constant_rate,6.9720,4.428380
sequential_11x6_constant_rate,7.2210,4.347256
sequential_11x6_constant_rate,7.4700,4.254083
sequential_11x6_constant_rate,7.7190,4.193842
sequential_11x6_constant_rate,7.9680,4.156493
sequential_11x6_constant_rate,8.2170,4.096118
sequential_11x6_constant_rate,8.4660,3.998126
sequential_11x6_constant_rate,8.7150,3.912851
sequential_11x6_constant_rate,8.9640,3.885542
sequential_11x6_constant_rate,9.2130,3.813119
sequential_11x6_constant_rate,9.4620,3.686613
sequential_11x6_constant_rate,9.7110,3.565730
sequential_11x6_constant_rate,9.9600,3.479384
sequential_11x6_constant_rate,10.2090,3.399063
sequential_11x6_constant_rate,10.4580,3.305087
sequential_11x6_constant_rate,10.7070,3.239893
sequential_11x6_constant_rate,10.9560,3.149799
sequential_11x6_constant_rate,11.2050,3.013655
sequential_11x6_constant_rate,11.4540,2.920750
sequential_11x6_constant_rate,11.7030,2.828380
sequential_11x6_constant_rate,11.9520,2.743106
sequential_11x6_constant_rate,12.2010,2.671620
sequential_11x6_constant_rate,12.4500,2.576171
sequential_11x6_constant_rate,12.6990,2.483668
sequential_11x6_constant_rate,12.9480,2.390228
sequential_11x6_constant_rate,13.1970,2.305756
sequential_11x6_constant_rate,13.4460,2.262383
empirical_11x6,0.0000,0.000000
empirical_11x6,0.2490,0.000000
empirical_11x6,0.4980,0.000000
empirical_11x6,0.7470,0.000000
empirical_11x6,0.9960,0.000000
empirical_11x6,1.2450,0.000000
empirical_11x6,1.4940,0.000000
empirical_11x6,1.7430,0.000000
empirical_11x6,1.9920,0.000000
empirical_11x6,2.2410,0.000000
empirical_11x6,2.4900,0.000000
empirical_11x6,2.7390,0.000000
empirical_11x6,2.9880,0.000000
empirical_11x6,3.2370,0.000000
empirical_11x6,3.4860,0.000000
empirical_11x6,3.7350,0.000000
empirical_11x6,3.9840,0.000000
empirical_11x6,4.2330,0.000000
empirical_11x6,4.4820,0.000000
empirical_11x6,4.7310,0.000000
empirical_11x6,4.9800,0.000000
empirical_11x6,5.2290,0.000000
empirical_11x6,5.4780,0.000000
empirical_11x6,5.7270,0.000000
empirical_11x6,5.9760,2.694913
empirical_11x6,6.2250,5.655556
empirical_11x6,6.4740,5.934806
empirical_11x6,6.7230,5.917537
empirical_11x6,6.9720,5.827979
empirical_11x6,7.2210,5.757430
empirical_11x6,7.4700,5.722222
empirical_11x6,7.7190,5.691165
empirical_11x6,7.9680,5.630120
empirical_11x6,8.2170,5.518608
empirical_11x6,8.4660,5.420080
empirical_11x6,8.7150,5.310576
empirical_11x6,8.9640,5.205890
empirical_11x6,9.2130,5.108568
empirical_11x6,9.4620,4.971084
empirical_11x6,9.7110,4.883668
empirical_11x6,9.9600,4.775770
empirical_11x6,10.2090,4.624498
empirical_11x6,10.4580,4.490361
empirical_11x6,10.7070,4.330254
empirical_11x6,10.9560,4.186212
empirical_11x6,11.2050,4.053949
empirical_11x6,11.4540,3.926372
empirical_11x6,11.7030,3.766801
empirical_11x6,11.9520,3.578715
empirical_11x6,12.2010,3.444311
empirical_11x6,12.4500,3.304552
empirical_11x6,12.6990,3.176841
empirical_11x6,12.9480,3.065194
empirical_11x6,13.1970,2.920348
empirical_11x6,13.4460,2.851673
