rank	tapebc	sample_count	sample_freq	full_corrected_count
1	CGAAGAAAAGTG	371941	0.19580	0
2	TGGCGAAAAAAC	300894	0.15840	0
3	TAGGAAAAGTGG	290703	0.15303	0
4	TTGGTAACCCCA	83331	0.04387	0
5	TTACGAAGTCTC	61650	0.03245	0
6	CCCTGAAGGGTG	61210	0.03222	0
7	CTATGAAGCCTG	60252	0.03172	0
8	GTCCCAATTTTT	54517	0.02870	0
9	GTCGAAAAGGGA	51819	0.02728	0
10	TGGTGAAAGTAA	50577	0.02662	0
11	GGGGCAAGGGGA	49754	0.02619	0
12	CACTTAAGGTTG	48994	0.02579	0
13	CAGAGAAGATAG	45926	0.02418	0
14	GCAATAATCATA	44893	0.02363	0
15	TGGGAAAGGAGT	40212	0.02117	0
16	CCACCAAGTTAC	39404	0.02074	0
17	GGGCAAAGGCTA	33187	0.01747	0
